	HSC	MPP	LMPP	CMP	GMP	MEP	Mono	CD4	CD8	Nkcell	Bcell	CLP	Ery
AP-2_Average_26	-0.0	-0.0	0.0292720316692	-0.0	-0.0	-0.0	-0.0	-0.0	-0.0	-0.0	-0.0	1.59814024449	0.412798295612
AP-2_Average_17	-0.0	-0.0	-0.0	-0.0	-0.0	-0.0	0.39475506296	-0.0	-0.0	-0.0	-0.0	-0.0	1.74335673632
AP-2_Average_27	-0.0	-0.0	-0.0	-0.0	-0.0	-0.0	-0.0	-0.0	-0.0	-0.0	-0.0	-0.0	-0.0
AP-2_Average_15	-0.0	-0.0	-0.0	-0.0	-0.0	-0.0	0.593797254769	-0.0	-0.0	-0.0	-0.0	4.62627617274	4.20463418223
AP-2_M5965_1.01	-0.0	-0.0	-0.0	-0.0	-0.0	-0.0	0.495365958962	-0.0	-0.0	-0.0	-0.0	0.366941152154	0.103135688377
ARID_BRIGHT_Average_1	-0.0	0.65145715417	-0.0	-0.0	-0.0	-0.0	-0.0	-0.0	-0.0	-0.0	-0.0	-0.0	-0.0
ARID_BRIGHT_M0104_1.01	1.07045172479	1.26627720284	-0.0	-0.0	-0.0	0.264610726616	-0.0	-0.0	-0.0	-0.0	-0.0	-0.0	-0.0
ARID_BRIGHT_Average_3	-0.0	0.324654950389	-0.0	-0.0	-0.0	-0.0	-0.0	0.723011768285	-0.0	-0.0	-0.0	-0.0	-0.0
ARID_BRIGHT_M5966_1.01	-0.0	0.504950521771	-0.0	-0.0	-0.0	-0.0	-0.0	-0.0	-0.0	-0.0	-0.0	-0.0	-0.0
ARID_BRIGHT_Average_4	-0.0	-0.0	-0.0	-0.0	-0.0	-0.0	-0.0	-0.0	-0.0	-0.0	-0.0	-0.0	-0.0
ARID_BRIGHT_M0108_1.01	-0.0	-0.0	-0.0	-0.0	-0.0	-0.0	-0.0	-0.0	-0.0	-0.0	-0.0	-0.0	-0.0
ARID_BRIGHT_Average_2	-0.0	-0.0	-0.0	-0.0	-0.0	-0.0	-0.0	-0.0	-0.0	-0.0	-0.0	-0.0	-0.0
AT_hook_M6098_1.01	-0.0	-0.0	-0.0	-0.0	-0.0	-0.0	-0.0	-0.0	-0.0	-0.0	-0.0	-0.0	-0.0
AT_hook_M0127_1.01	-0.0	-0.0	-0.0	-0.0	-0.0	-0.0	-0.0	-0.0	-0.0	-0.0	-0.0	-0.0	-0.0
AT_hook_M0131_1.01	1.20944019487	0.180183417694	-0.0	-0.0	-0.0	-0.0	-0.0	-0.0	-0.0	-0.0	-0.0	-0.0	-0.0
AT_hook_M0133_1.01	0.63304765949	-0.0	-0.0	-0.0	-0.0	-0.0	-0.0	-0.0	-0.0	-0.0	-0.0	-0.0	-0.0
AT_hook_M6099_1.01	-0.0	0.835277556297	-0.0	-0.0	-0.0	-0.0	-0.0	-0.0	-0.0	-0.0	-0.0	-0.0	-0.0
AT_hook_Average_2	0.481653644517	0.44151431601	-0.0	-0.0	-0.0	-0.0	-0.0	-0.0	-0.0	-0.0	-0.0	-0.0	-0.0
AT_hook_M0128_1.01	2.02669639702	-0.0	-0.0	-0.0	-0.0	-0.0	-0.0	-0.0	-0.0	-0.0	-0.0	-0.0	-0.0
AT_hook_Average_1	-0.0	-0.0	-0.0	-0.0	-0.0	-0.0	-0.0	-0.0	-0.0	-0.0	-0.0	-0.0	-0.0
bHLH_bZIP_Average_10	-0.0	-0.0	-0.0	-0.0	-0.0	-0.0	-0.0	-0.0	-0.0	1.24825225757	-0.0	-0.0	-0.0
bHLH_bZIP_M5432_1.01	-0.0	-0.0	-0.0	-0.0	-0.0	-0.0	-0.0	-0.0	-0.0	0.0701151342733	0.240210511117	-0.0	-0.0
bHLH_Average_165	-0.0	-0.0	4.22459454022	-0.0	-0.0	-0.0	-0.0	-0.0	-0.0	-0.0	0.0971027475903	3.07650751027	-0.0
bHLH_M2134_1.01	-0.0	-0.0	4.02071115743	-0.0	-0.0	-0.0	-0.0	-0.0	-0.0	-0.0	-0.0	5.77452751601	1.76286882107
bHLH_Average_151	-0.0	-0.0	2.57806432625	-0.0	-0.0	-0.0	-0.0	-0.0	-0.0	-0.0	-0.0	4.08056544199	-0.0
bHLH_M6260_1.01	-0.0	-0.0	0.238986918439	-0.0	-0.0	0.63495299464	-0.0	-0.0	-0.0	-0.0	-0.0	3.02812618656	-0.0
bHLH_Average_27	-0.0	-0.0	-0.0	-0.0	-0.0	-0.0	-0.0	-0.0	-0.0	-0.0	-0.0	0.51307078046	0.642335685987
bHLH_M5981_1.01	-0.0	0.260362952522	-0.0	-0.0	-0.0	-0.0	0.701744107704	-0.0	-0.0	-0.0	-0.0	-0.0	-0.0
bHLH_Average_154	-0.0	-0.0	2.30901926486	-0.0	-0.0	-0.0	-0.0	-0.0	-0.0	-0.0	-0.0	-0.0	-0.0
bHLH_Average_164	-0.0	-0.0	-0.0	-0.0	-0.0	-0.0	-0.0	-0.0	-0.0	-0.0	-0.0	-0.0	-0.0
bHLH_Average_148	-0.0	-0.0	-0.0	-0.0	-0.0	-0.0	-0.0	-0.0	-0.0	-0.0	0.0794764078786	-0.0	-0.0
bHLH_Average_160	-0.0	-0.0	-0.0	-0.0	-0.0	-0.0	-0.0	-0.0	0.794952540691	-0.0	-0.0	-0.0	-0.0
bHLH_M5980_1.01	-0.0	-0.0	-0.0	-0.0	-0.0	-0.0	-0.0	-0.0	0.0562304345605	-0.0	-0.0	0.230464944258	0.947099609909
bHLH_M0177_1.01	-0.0	-0.0	-0.0	-0.0	-0.0	-0.0	-0.0	-0.0	-0.0	-0.0	-0.0	-0.0	-0.0
bHLH_Average_145	-0.0	-0.0	1.46109644082	-0.0	1.15597005456	-0.0	-0.0	-0.0	-0.0	-0.0	-0.0	1.83197155299	-0.0
bHLH_Average_140	-0.0	-0.0	1.2543507943	-0.0	1.21610520823	-0.0	-0.0	-0.0	-0.0	-0.0	-0.0	2.81425574596	1.39613400641
bHLH_M0210_1.01	-0.0	-0.0	0.195757431959	-0.0	-0.0	-0.0	-0.0	-0.0	-0.0	-0.0	-0.0	-0.0	-0.0
bHLH_M6165_1.01	-0.0	-0.0	-0.0	-0.0	-0.0	-0.0	-0.0	-0.0	-0.0	1.58545264602	-0.0	-0.0	-0.0
bHLH_M6031_1.01	-0.0	-0.0	-0.0	-0.0	-0.0	-0.0	-0.0	0.598147288563	0.884832356022	-0.0	-0.0	-0.0	-0.0
bHLH_M0187_1.01	-0.0	-0.0	-0.0	-0.0	-0.0	-0.0	-0.0	0.852974595297	0.950643125726	0.669313948321	0.187054851083	-0.0	-0.0
bHLH_M2787_1.01	-0.0	-0.0	-0.0	-0.0	-0.0	-0.0	-0.0	-0.0	-0.0	-0.0	-0.0	-0.0	-0.0
bHLH_Average_139	-0.0	-0.0	-0.0	-0.0	-0.0	-0.0	-0.0	-0.0	-0.0	-0.0	-0.0	-0.0	-0.0
bHLH_Average_115	-0.0	-0.0	-0.0	-0.0	-0.0	-0.0	0.0343865280752	-0.0	-0.0	2.43298370098	-0.0	-0.0	-0.0
bHLH_Average_117	-0.0	-0.0	-0.0	-0.0	-0.0	-0.0	-0.0	-0.0	-0.0	-0.0	0.394735363641	-0.0	-0.0
bHLH_M5969_1.01	-0.0	-0.0	-0.0	-0.0	-0.0	-0.0	-0.0	-0.0	0.459448209295	-0.0	-0.0	-0.0	0.463996030274
bHLH_M6087_1.01	-0.0	-0.0	6.58159027936	-0.0	-0.0	1.97077013754	-0.0	-0.0	-0.0	-0.0	-0.0	0.331739745499	-0.0
bHLH_Average_143	-0.0	-0.0	-0.0	-0.0	-0.0	-0.0	-0.0	-0.0	-0.0	-0.0	0.564052091085	11.3182636914	-0.0
bHLH_T-box_M5447_1.01	-0.0	-0.0	-0.0	-0.0	-0.0	-0.0	-0.0	-0.0	6.56163736465	9.82476390905	0.803324025147	-0.0	-0.0
bHLH_T-box_M5448_1.01	-0.0	-0.0	-0.0	-0.0	-0.0	-0.0	-0.0	-0.0	-0.0	1.36754902461	-0.0	-0.0	-0.0
bHLH_T-box_M5449_1.01	-0.0	-0.0	1.77293370898	-0.0	-0.0	-0.0	-0.0	-0.0	-0.0	6.02041735179	-0.0	-0.0	-0.0
bZIP_M3883_1.01	-0.0	-0.0	-0.0	-0.0	-0.0	-0.0	2.54727300025	-0.0	1.85483951984	-0.0	-0.0	0.278333509457	-0.0
bZIP_M3882_1.01	-0.0	-0.0	-0.0	-0.0	-0.0	-0.0	1.6607042383	-0.0	-0.0	2.00493674621	-0.0	-0.0	-0.0
bZIP_Average_149	2.53985988198	2.66269084147	-0.0	-0.0	2.22748907256	-0.0	8.81757414068	-0.0	-0.0	-0.0	-0.0	-0.0	-0.0
bZIP_Average_67	-0.0	-0.0	-0.0	6.407683058	7.71013860736	-0.0	7.9536934279	-0.0	-0.0	-0.0	-0.0	-0.0	-0.0
bZIP_Average_146	-0.0	-0.0	-0.0	0.160855230804	-0.0	-0.0	4.57953822806	-0.0	-0.0	-0.0	-0.0	-0.0	-0.0
bZIP_Average_117	-0.0	-0.0	-0.0	-0.0	-0.0	-0.0	1.43221893512	-0.0	-0.0	-0.0	-0.0	-0.0	-0.0
bZIP_M4371_1.01	-0.0	-0.0	-0.0	-0.0	0.449554175984	-0.0	3.63516064381	-0.0	-0.0	-0.0	-0.0	-0.0	-0.0
bZIP_M6050_1.01	-0.0	-0.0	-0.0	-0.0	-0.0	-0.0	0.920090139041	-0.0	-0.0	-0.0	-0.0	-0.0	-0.0
bZIP_Average_154	-0.0	-0.0	-0.0	-0.0	-0.0	-0.0	-0.0	-0.0	-0.0	-0.0	-0.0	-0.0	-0.0
bZIP_M6149_1.01	-0.0	-0.0	-0.0	-0.0	-0.0	-0.0	0.369309623046	-0.0	-0.0	-0.0	-0.0	-0.0	-0.0
bZIP_Average_148	1.85978805125	4.4078209843	-0.0	-0.0	-0.0	-0.0	1.90750111301	-0.0	-0.0	-0.0	-0.0	-0.0	-0.0
bZIP_Average_145	-0.0	-0.0	-0.0	2.87343514218	0.0996467062963	-0.0	1.72242119134	-0.0	-0.0	-0.0	-0.0	-0.0	-0.0
bZIP_M0309_1.01	-0.0	-0.0	-0.0	0.763371880955	-0.0	-0.0	-0.0	-0.0	-0.0	-0.0	-0.0	-0.0	-0.0
bZIP_Average_153	-0.0	-0.0	-0.0	7.65626805404	9.60232883872	-0.0	12.4042385092	-0.0	-0.0	-0.0	-0.0	-0.0	-0.0
bZIP_M2910_1.01	-0.0	-0.0	-0.0	4.58430112904	3.81489192027	-0.0	5.03731399671	-0.0	-0.0	-0.0	-0.0	-0.0	-0.0
bZIP_Average_141	-0.0	-0.0	-0.0	2.05122188363	2.29360497811	-0.0	3.35001440576	-0.0	-0.0	-0.0	-0.0	-0.0	-0.0
bZIP_M6006_1.01	-0.0	-0.0	-0.0	-0.0	-0.0	-0.0	0.214711824638	-0.0	-0.0	-0.0	-0.0	-0.0	-0.0
bZIP_Average_143	-0.0	-0.0	-0.0	-0.0	-0.0	-0.0	0.181998236968	-0.0	1.49393733814	-0.0	0.174852681024	-0.0	-0.0
bZIP_Average_142	-0.0	-0.0	-0.0	-0.0	-0.0	-0.0	0.700761981782	0.287619942035	3.83955947946	3.11086429936	-0.0	-0.0	-0.0
bZIP_M0300_1.01	-0.0	-0.0	-0.0	-0.0	-0.0	-0.0	-0.0	1.27064002118	-0.0	-0.0	-0.0	-0.0	-0.0
bZIP_Average_150	-0.0	-0.0	-0.0	-0.0	-0.0	-0.0	1.63657348661	1.55579284465	0.942280180005	-0.0	0.226042088447	-0.0	-0.0
bZIP_M5866_1.01	-0.0	-0.0	-0.0	0.743750024421	-0.0	-0.0	-0.0	-0.0	-0.0	-0.0	-0.0	-0.0	-0.0
bZIP_Average_134	-0.0	-0.0	-0.0	-0.0	-0.0	-0.0	-0.0	-0.0	-0.0	-0.0	-0.0	-0.0	-0.0
bZIP_M0304_1.01	0.0202326912019	-0.0	-0.0	-0.0	-0.0	-0.0	1.6159789778	-0.0	-0.0	-0.0	-0.0	-0.0	-0.0
bZIP_Average_147	-0.0	-0.0	-0.0	-0.0	-0.0	-0.0	-0.0	-0.0	-0.0	-0.0	-0.0	-0.0	-0.0
bZIP_M0305_1.01	-0.0	-0.0	-0.0	-0.0	-0.0	-0.0	2.86966731174	-0.0	-0.0	-0.0	-0.0	-0.0	-0.0
bZIP_M0287_1.01	-0.0	-0.0	-0.0	-0.0	-0.0	-0.0	3.09986140197	0.734624777737	0.0061958720081	-0.0	-0.0	-0.0	-0.0
bZIP_Average_152	-0.0	-0.0	-0.0	-0.0	-0.0	-0.0	-0.0	-0.0	-0.0	-0.0	-0.0	-0.0	-0.0
bZIP_Average_151	-0.0	-0.0	-0.0	-0.0	-0.0	-0.0	-0.0	-0.0	-0.0	-0.0	-0.0	-0.0	-0.0
bZIP_M2901_1.01	-0.0	-0.0	-0.0	-0.0	-0.0	-0.0	-0.0	0.0709954670456	-0.0	-0.0	-0.0	-0.0	-0.0
bZIP_M6329_1.01	-0.0	-0.0	-0.0	-0.0	-0.0	-0.0	-0.0	-0.0	-0.0	-0.0	-0.0	-0.0	-0.0
bZIP_M5973_1.01	-0.0	-0.0	2.39766986027	-0.0	2.71954943839	-0.0	-0.0	-0.0	-0.0	-0.0	-0.0	-0.0	-0.0
bZIP_Average_17	-0.0	-0.0	0.230774418616	-0.0	-0.0	-0.0	-0.0	-0.0	-0.0	0.432578832554	-0.0	-0.0	-0.0
C2H2_ZF_M4354_1.01	-0.0	-0.0	-0.0	-0.0	-0.0	-0.0	-0.0	-0.0	-0.0	-0.0	-0.0	0.557343416174	-0.0
C2H2_ZF_M5841_1.01	-0.0	0.154518559148	1.23412518676	-0.0	-0.0	-0.0	-0.0	-0.0	-0.0	-0.0	-0.0	-0.0	0.118940598662
C2H2_ZF_Average_96	-0.0	-0.0	-0.0	-0.0	3.30630848938	-0.0	-0.0	-0.0	-0.0	-0.0	2.45760368726	-0.0	-0.0
C2H2_ZF_M4323_1.01	-0.0	-0.0	-0.0	-0.0	12.858496881	-0.0	0.0730644398283	-0.0	-0.0	-0.0	11.0153120356	-0.0	-0.0
C2H2_ZF_Average_187	-0.0	-0.0	0.498872718705	-0.0	-0.0	-0.0	0.694399756051	-0.0	0.0300371190395	-0.0	-0.0	-0.0	-0.0
C2H2_ZF_M0407_1.01	-0.0	-0.0	-0.0	-0.0	-0.0	-0.0	-0.0	2.23970742916	2.29364125134	-0.0	4.12321832406	-0.0	-0.0
C2H2_ZF_M5334_1.01	-0.0	-0.0	1.90510408121	-0.0	-0.0	-0.0	0.157654744163	-0.0	-0.0	-0.0	-0.0	-0.0	-0.0
C2H2_ZF_M5333_1.01	-0.0	-0.0	-0.0	-0.0	-0.0	-0.0	-0.0	-0.0	-0.0	-0.0	-0.0	-0.0	2.15441137698
C2H2_ZF_M5778_1.01	-0.0	0.0751737567677	-0.0	-0.0	-0.0	0.348365857689	-0.0	-0.0	-0.0	-0.0	0.901738735047	-0.0	-0.0
C2H2_ZF_M5799_1.01	-0.0	-0.0	0.840076834718	-0.0	-0.0	-0.0	-0.0	2.30485670198	3.50224208556	-0.0	-0.0	-0.0	-0.0
C2H2_ZF_M6360_1.01	-0.0	-0.0	-0.0	-0.0	0.884179471801	-0.0	-0.0	-0.0	-0.0	-0.0	-0.0	-0.0	-0.0
C2H2_ZF_M5793_1.01	-0.0	-0.0	1.55920751697	-0.0	-0.0	-0.0	-0.0	-0.0	-0.0	-0.0	-0.0	-0.0	-0.0
C2H2_ZF_M5794_1.01	-0.0	-0.0	-0.0	-0.0	-0.0	-0.0	-0.0	-0.0	-0.0	-0.0	0.0557955251877	-0.0	-0.0
C2H2_ZF_M5930_1.01	-0.0	-0.0	-0.0	-0.0	2.47887794771	-0.0	-0.0	-0.0	-0.0	-0.0	-0.0	-0.0	-0.0
C2H2_ZF_Average_167	-0.0	-0.0	-0.0	-0.0	-0.0	-0.0	1.00826108031	-0.0	-0.0	-0.0	-0.0	-0.0	2.68101986669
C2H2_ZF_Average_137	-0.0	-0.0	-0.0	-0.0	-0.0	-0.0	1.09992142633	-0.0	-0.0	1.05527852379	-0.0	-0.0	3.18757220693
C2H2_ZF_M0392_1.01	-0.0	-0.0	-0.0	-0.0	1.36510890025	-0.0	-0.0	-0.0	-0.0	-0.0	-0.0	-0.0	0.268047039249
C2H2_ZF_M5791_1.01	-0.0	-0.0	-0.0	0.156914739021	2.07304473106	-0.0	0.409959489677	-0.0	-0.0	-0.0	-0.0	-0.0	-0.0
C2H2_ZF_Average_191	-0.0	-0.0	-0.0	-0.0	-0.0	-0.0	-0.0	-0.0	-0.0	-0.0	-0.0	-0.0	-0.0
C2H2_ZF_Average_177	-0.0	-0.0	-0.0	-0.0	-0.0	-0.0	-0.0	-0.0	1.14115273039	-0.0	-0.0	-0.0	-0.0
C2H2_ZF_M0393_1.01	-0.0	-0.0	1.65946519969	-0.0	-0.0	-0.0	-0.0	-0.0	-0.0	-0.0	-0.0	-0.0	-0.0
C2H2_ZF_M5798_1.01	-0.0	-0.0	-0.0	-0.0	-0.0	-0.0	-0.0	-0.0	0.509022763119	4.21668157168	-0.0	-0.0	-0.0
C2H2_ZF_M5789_1.01	-0.0	-0.0	0.853307256511	-0.0	3.09064666514	-0.0	-0.0	-0.0	-0.0	-0.0	-0.0	-0.0	-0.0
C2H2_ZF_Average_185	-0.0	-0.0	-0.0	-0.0	-0.0	-0.0	-0.0	-0.0	-0.0	-0.0	-0.0	-0.0	-0.0
C2H2_ZF_Average_181	1.00450082001	1.43189045461	-0.0	-0.0	-0.0	-0.0	0.560678794979	-0.0	-0.0	-0.0	-0.0	3.1516275205	-0.0
C2H2_ZF_M6093_1.01	-0.0	-0.0	-0.0	-0.0	-0.0	-0.0	-0.0	-0.0	0.793742487667	-0.0	0.524633396435	-0.0	-0.0
C2H2_ZF_M6364_1.01	-0.0	-0.0	-0.0	-0.0	-0.0	-0.0	-0.0	-0.0	-0.0	-0.0	-0.0	-0.0	-0.0
C2H2_ZF_M0402_1.01	-0.0	-0.0	-0.0	-0.0	-0.0	-0.0	-0.0	-0.0	-0.0	-0.0	-0.0	0.0865609960441	-0.0
C2H2_ZF_M0360_1.01	-0.0	0.433444281527	-0.0	-0.0	-0.0	-0.0	-0.0	-0.0	-0.0	-0.0	-0.0	-0.0	-0.0
C2H2_ZF_Average_202	1.42497826218	4.20219429646	0.118932708721	-0.0	1.54216371544	-0.0	-0.0	-0.0	-0.0	-0.0	-0.0	-0.0	-0.0
C2H2_ZF_Average_184	-0.0	-0.0	-0.0	-0.0	-0.0	-0.0	-0.0	-0.0	-0.0	-0.0	-0.0	1.82028080555	-0.0
C2H2_ZF_M0367_1.01	-0.0	-0.0	-0.0	-0.0	-0.0	-0.0	0.300213340039	-0.0	-0.0	-0.0	-0.0	-0.0	-0.0
C2H2_ZF_M1820_1.01	-0.0	-0.0	-0.0	-0.0	-0.0	-0.0	-0.0	-0.0	-0.0	-0.0	-0.0	-0.0	-0.0
C2H2_ZF_Average_156	-0.0	-0.0	-0.0	-0.0	-0.0	-0.0	-0.0	0.826485228948	-0.0	2.05524067838	-0.0	-0.0	-0.0
C2H2_ZF_M0376_1.01	-0.0	-0.0	-0.0	-0.0	-0.0	-0.0	-0.0	-0.0	-0.0	-0.0	-0.0	-0.0	0.00167476468982
C2H2_ZF_M6145_1.01	-0.0	-0.0	-0.0	-0.0	-0.0	-0.0	1.14019439698	-0.0	1.01170095272	-0.0	-0.0	-0.0	1.63215099734
C2H2_ZF_M5800_1.01	-0.0	-0.0	-0.0	-0.0	-0.0	-0.0	-0.0	-0.0	0.507295547639	-0.0	-0.0	-0.0	-0.0
C2H2_ZF_M0401_1.01	-0.0	-0.0	-0.0	-0.0	-0.0	-0.0	-0.0	-0.0	0.643122381488	-0.0	-0.0	-0.0	-0.0
C2H2_ZF_M0395_1.01	-0.0	-0.0	-0.0	-0.0	-0.0	0.593063967195	-0.0	0.593536445502	-0.0	-0.0	-0.0	-0.0	-0.0
C2H2_ZF_Average_122	-0.0	-0.0	-0.0	-0.0	-0.0	-0.0	-0.0	1.2559119566	0.192292003981	-0.0	-0.0	-0.0	-0.0
C2H2_ZF_M6372_1.01	-0.0	-0.0	-0.0	-0.0	-0.0	-0.0	-0.0	-0.0	-0.0	-0.0	-0.0	-0.0	-0.0
C2H2_ZF_M6358_1.01	-0.0	-0.0	-0.0	-0.0	-0.0	-0.0	0.176746431128	-0.0	-0.0	-0.0	-0.0	-0.0	1.53730578559
C2H2_ZF_Average_221	-0.0	-0.0	-0.0	-0.0	-0.0	1.55454115251	4.62147725605	1.31566246396	-0.0	0.287585491935	-0.0	-0.0	8.61348071887
C2H2_ZF_M6142_1.01	-0.0	-0.0	-0.0	-0.0	-0.0	0.912392415971	0.790313423195	1.27064002118	-0.0	-0.0	-0.0	-0.0	4.13250353103
C2H2_ZF_M6144_1.01	-0.0	-0.0	-0.0	-0.0	-0.0	-0.0	-0.0	-0.0	-0.0	-0.0	-0.0	-0.0	-0.0
C2H2_ZF_Average_180	-0.0	-0.0	-0.0	-0.0	-0.0	-0.0	-0.0	0.162932158907	1.47395793117	-0.0	-0.0	-0.0	0.651888856662
C2H2_ZF_M6019_1.01	-0.0	-0.0	-0.0	-0.0	-0.0	0.102623857702	-0.0	-0.0	2.00937991241	0.342726618761	-0.0	-0.0	-0.0
C2H2_ZF_Average_216	-0.0	-0.0	-0.0	-0.0	-0.0	-0.0	-0.0	-0.0	1.39259427199	-0.0	-0.0	-0.0	-0.0
C2H2_ZF_M0382_1.01	-0.0	-0.0	-0.0	-0.0	-0.0	-0.0	-0.0	-0.0	-0.0	-0.0	-0.0	-0.0	-0.0
C2H2_ZF_M6302_1.01	-0.0	-0.0	-0.0	-0.0	-0.0	-0.0	1.1207862545	-0.0	-0.0	-0.0	-0.0	-0.0	1.7875817701
C2H2_ZF_Average_204	-0.0	-0.0	0.0366728688726	-0.0	-0.0	-0.0	-0.0	-0.0	0.993717070208	0.78479213007	-0.0	-0.0	-0.0
C2H2_ZF_M5308_1.01	-0.0	-0.0	0.644652435641	-0.0	-0.0	-0.0	-0.0	-0.0	3.7476994819	3.86211483275	-0.0	-0.0	-0.0
C2H2_ZF_Average_207	-0.0	-0.0	-0.0	-0.0	-0.0	-0.0	-0.0	-0.0	-0.0	-0.0	-0.0	-0.0	-0.0
C2H2_ZF_Average_141	-0.0	-0.0	1.13525843133	-0.0	-0.0	-0.0	-0.0	-0.0	2.30240915445	-0.0	0.683485225792	-0.0	-0.0
C2H2_ZF_Average_123	-0.0	-0.0	0.231755918088	-0.0	-0.0	-0.0	-0.0	-0.0	-0.0	-0.0	-0.0	-0.0	0.11532952243
C2H2_ZF_Average_205	-0.0	-0.0	-0.0	-0.0	0.317494302844	-0.0	-0.0	-0.0	0.963149484424	-0.0	-0.0	-0.0	-0.0
C2H2_ZF_M6240_1.01	-0.0	-0.0	0.567170626877	-0.0	-0.0	-0.0	-0.0	-0.0	-0.0	-0.0	-0.0	-0.0	0.650454048874
C2H2_ZF_Average_210	-0.0	-0.0	-0.0	-0.0	0.853883100632	-0.0	-0.0	-0.0	-0.0	-0.0	0.701095974159	1.38667935311	-0.0
C2H2_ZF_Average_219	-0.0	-0.0	-0.0	-0.0	-0.0	-0.0	-0.0	-0.0	-0.0	-0.0	-0.0	-0.0	-0.0
C2H2_ZF_Average_211	-0.0	-0.0	-0.0	-0.0	-0.0	-0.0	-0.0	-0.0	-0.0	-0.0	-0.0	-0.0	-0.0
C2H2_ZF_M6241_1.01	-0.0	-0.0	-0.0	-0.0	-0.0	-0.0	-0.0	-0.0	-0.0	-0.0	-0.0	-0.0	-0.0
C2H2_ZF_M4510_1.01	-0.0	-0.0	0.962416440873	-0.0	2.59968229493	-0.0	-0.0	-0.0	-0.0	-0.0	-0.0	-0.0	-0.0
C2H2_ZF_Average_179	-0.0	-0.0	-0.0	-0.0	0.287564648743	-0.0	-0.0	-0.0	-0.0	-0.0	0.270498322622	-0.0	-0.0
C2H2_ZF_M6239_1.01	-0.0	-0.0	0.517952410988	-0.0	-0.0	-0.0	-0.0	-0.0	-0.0	-0.0	-0.0	-0.0	2.40049474237
C2H2_ZF_M6020_1.01	-0.0	-0.0	-0.0	-0.0	-0.0	-0.0	-0.0	0.894036650801	0.0405604058605	0.520854196022	-0.0	-0.0	-0.0
C2H2_ZF_M6155_1.01	-0.0	-0.0	-0.0	-0.0	-0.0	-0.0	-0.0	-0.0	-0.0	-0.0	-0.0	-0.0	1.23178687235
C2H2_ZF_M6140_1.01	-0.0	-0.0	-0.0	-0.0	-0.0	-0.0	-0.0	-0.0	-0.0	-0.0	-0.0	-0.0	-0.0
C2H2_ZF_Average_222	-0.0	-0.0	-0.0	-0.0	1.75002683403	-0.0	-0.0	-0.0	-0.0	-0.0	-0.0	0.785909770602	-0.0
C2H2_ZF_Average_172	-0.0	-0.0	0.231755918088	-0.0	-0.0	-0.0	-0.0	-0.0	-0.0	-0.0	-0.0	-0.0	0.0404615349778
C2H2_ZF_M6357_1.01	-0.0	-0.0	-0.0	-0.0	-0.0	-0.0	-0.0	-0.0	-0.0	-0.0	-0.0	-0.0	-0.0
C2H2_ZF_M0369_1.01	-0.0	-0.0	-0.0	-0.0	-0.0	-0.0	-0.0	-0.0	-0.0	-0.0	0.030774860526	0.116484819415	-0.0
C2H2_ZF_M6378_1.01	-0.0	-0.0	-0.0	-0.0	-0.0	-0.0	-0.0	-0.0	-0.0	-0.0	-0.0	-0.0	-0.0
C2H2_ZF_Average_206	-0.0	-0.0	-0.0	-0.0	-0.0	-0.0	-0.0	-0.0	3.38402306165	2.20691736815	-0.0	-0.0	-0.0
C2H2_ZF_Average_166	-0.0	-0.0	-0.0	-0.0	-0.0	-0.0	-0.0	-0.0	-0.0	-0.0	-0.0	-0.0	-0.0
C2H2_ZF_M6359_1.01	-0.0	-0.0	-0.0	-0.0	-0.0	-0.0	-0.0	-0.0	-0.0	4.28143779168	-0.0	-0.0	-0.0
C2H2_ZF_M0366_1.01	-0.0	-0.0	-0.0	-0.0	-0.0	-0.0	-0.0	-0.0	-0.0	-0.0	-0.0	-0.0	-0.0
C2H2_ZF_M0397_1.01	-0.0	-0.0	-0.0	-0.0	-0.0	-0.0	0.979774557924	-0.0	-0.0	-0.0	-0.0	-0.0	0.15623155652
C2H2_ZF_Average_200	0.195405211518	5.00612372546	1.78460028722	-0.0	-0.0	-0.0	-0.0	-0.0	-0.0	-0.0	-0.0	0.284785261	1.11493955388
C2H2_ZF_Average_124	-0.0	-0.0	-0.0	-0.0	-0.0	-0.0	-0.0	-0.0	0.507295547639	-0.0	-0.0	-0.0	-0.0
C2H2_ZF_Average_217	-0.0	-0.0	-0.0	-0.0	-0.0	-0.0	-0.0	-0.0	-0.0	-0.0	-0.0	-0.0	-0.0
C2H2_ZF_M1842_1.01	-0.0	-0.0	0.0301340336436	-0.0	-0.0	-0.0	0.22430961033	-0.0	0.483539782005	0.286316717381	0.0654589958469	0.332530420648	-0.0
C2H2_ZF_Average_194	-0.0	-0.0	-0.0	-0.0	-0.0	-0.0	-0.0	-0.0	-0.0	0.254185669089	-0.0	-0.0	-0.0
C2H2_ZF_M5776_1.01	-0.0	1.30200894323	-0.0	-0.0	-0.0	-0.0	-0.0	-0.0	-0.0	-0.0	-0.0	-0.0	-0.0
C2H2_ZF_Average_209	-0.0	-0.0	0.119606643856	-0.0	0.498941664864	-0.0	-0.0	-0.0	-0.0	-0.0	-0.0	-0.0	-0.0
C2H2_ZF_M3979_1.01	-0.0	0.166619008708	-0.0	0.112971006934	-0.0	-0.0	-0.0	-0.0	-0.0	-0.0	-0.0	-0.0	-0.0
C2H2_ZF_Average_83	-0.0	-0.0	-0.0	-0.0	-0.0	-0.0	-0.0	-0.0	-0.0	-0.0	-0.0	0.503661052399	0.394323394163
C2H2_ZF_M4502_1.01	-0.0	-0.0	-0.0	-0.0	-0.0	1.06586699901	-0.0	-0.0	-0.0	2.40518088633	0.808467158042	-0.0	0.0754608962102
C2H2_ZF_Average_190	-0.0	-0.0	-0.0	-0.0	0.0556980652878	-0.0	-0.0	-0.0	-0.0	2.19471682298	-0.0	-0.0	-0.0
C2H2_ZF_M4475_1.01	-0.0	0.508178409066	-0.0	-0.0	0.469701574564	-0.0	-0.0	-0.0	0.795143054947	1.76373710216	-0.0	-0.0	-0.0
C2H2_ZF_Average_154	-0.0	-0.0	-0.0	-0.0	-0.0	-0.0	-0.0	-0.0	-0.0	0.749669977393	-0.0	-0.0	1.29062843155
C2H2_ZF_M4537_1.01	-0.0	-0.0	-0.0	-0.0	-0.0	-0.0	0.82115923319	-0.0	-0.0	0.558488914781	1.20831520113	-0.0	1.91694868781
C2H2_ZF_Average_188	-0.0	-0.0	7.10278769622	-0.0	-0.0	-0.0	-0.0	0.703193537005	-0.0	-0.0	5.04195951464	1.14297358062	-0.0
C2H2_ZF_Average_82	-0.0	-0.0	1.94189890568	-0.0	-0.0	-0.0	-0.0	1.41799324942	-0.0	-0.0	0.265388295626	-0.0	-0.0
C2H2_ZF_Average_77	-0.0	-0.0	5.79254074238	-0.0	0.775478049955	-0.0	-0.0	-0.0	-0.0	-0.0	-0.0	3.96742072672	-0.0
C2H2_ZF_M5792_1.01	-0.0	-0.0	-0.0	-0.0	-0.0	-0.0	-0.0	-0.0	1.15160322682	-0.0	-0.0	0.0595258337893	-0.0
C2H2_ZF_M5569_1.01	0.382505523393	-0.0	-0.0	-0.0	1.1446186313	-0.0	-0.0	-0.0	2.0716778299	0.342726618761	-0.0	-0.0	-0.0
C2H2_ZF_M5122_1.01	-0.0	0.265927135456	-0.0	-0.0	1.72111897805	0.0980212413036	-0.0	-0.0	-0.0	-0.0	-0.0	-0.0	-0.0
C2H2_ZF_M5795_1.01	-0.0	-0.0	-0.0	-0.0	-0.0	2.37541876951	-0.0	-0.0	-0.0	-0.0	-0.0	-0.0	-0.0
C2H2_ZF_M2193_1.01	-0.0	-0.0	-0.0	-0.0	-0.0	-0.0	-0.0	-0.0	-0.0	-0.0	-0.0	1.69607743602	-0.0
C2H2_ZF_M6139_1.01	-0.0	0.0557776777755	-0.0	-0.0	-0.0	-0.0	-0.0	-0.0	-0.0	-0.0	-0.0	1.49091194146	-0.0
C2H2_ZF_M6374_1.01	-0.0	-0.0	-0.0	1.17413659976	-0.0	-0.0	-0.0	-0.0	-0.0	-0.0	-0.0	-0.0	-0.0
C2H2_ZF_M6376_1.01	-0.0	0.0318491898394	-0.0	-0.0	-0.0	-0.0	-0.0	-0.0	-0.0	-0.0	0.452378827038	-0.0	-0.0
C2H2_ZF_Average_174	-0.0	-0.0	-0.0	-0.0	-0.0	-0.0	-0.0	-0.0	-0.0	-0.0	-0.0	-0.0	-0.0
C2H2_ZF_M6363_1.01	-0.0	-0.0	-0.0	-0.0	-0.0	-0.0	-0.0	-0.0	-0.0	-0.0	2.1630729855	-0.0	-0.0
C2H2_ZF_M0364_1.01	-0.0	0.296998598048	-0.0	-0.0	-0.0	-0.0	-0.0	0.315383388709	-0.0	-0.0	-0.0	-0.0	-0.0
C2H2_ZF_M0409_1.01	-0.0	-0.0	1.00044098703	-0.0	-0.0	-0.0	-0.0	-0.0	-0.0	-0.0	-0.0	-0.0	-0.0
C2H2_ZF_M0380_1.01	-0.0	-0.0	-0.0	-0.0	-0.0	-0.0	-0.0	-0.0	-0.0	-0.0	-0.0	-0.0	-0.0
C2H2_ZF_M0406_1.01	-0.0	-0.0	-0.0	0.118184457746	-0.0	-0.0	-0.0	-0.0	-0.0	-0.0	-0.0	-0.0	-0.0
C2H2_ZF_M0405_1.01	-0.0	-0.0	-0.0	-0.0	-0.0	-0.0	-0.0	1.36321145387	-0.0	-0.0	-0.0	-0.0	-0.0
C2H2_ZF_Average_218	-0.0	-0.0	-0.0	-0.0	-0.0	-0.0	-0.0	-0.0	-0.0	-0.0	-0.0	-0.0	-0.0
C2H2_ZF_M0404_1.01	-0.0	-0.0	-0.0	-0.0	1.23305438862	-0.0	-0.0	-0.0	-0.0	-0.0	1.24436824554	-0.0	-0.0
C2H2_ZF_M5955_1.01	-0.0	-0.0	-0.0	-0.0	-0.0	-0.0	-0.0	-0.0	-0.0	-0.0	-0.0	-0.0	-0.0
C2H2_ZF_M0384_1.01	-0.0	-0.0	-0.0	0.436042441927	-0.0	3.94268862349	-0.0	-0.0	-0.0	-0.0	-0.0	-0.0	-0.0
C2H2_ZF_M6221_1.01	-0.0	-0.0	-0.0	-0.0	0.36573096779	-0.0	-0.0	-0.0	-0.0	-0.0	0.301882275933	-0.0	-0.0
C2H2_ZF_M6016_1.01	-0.0	-0.0	-0.0	-0.0	-0.0	-0.0	-0.0	1.56940328564	-0.0	2.40110795326	2.27343245918	-0.0	-0.0
C2H2_ZF_M2812_1.01	-0.0	-0.0	-0.0	-0.0	-0.0	-0.0	-0.0	-0.0	-0.0	-0.0	-0.0	-0.0	-0.0
C2H2_ZF_M0411_1.01	-0.0	-0.0	-0.0	-0.0	-0.0	-0.0	-0.0	-0.0	-0.0	-0.0	-0.0	-0.0	-0.0
C2H2_ZF_M5790_1.01	-0.0	-0.0	-0.0	-0.0	-0.0	-0.0	0.793937840146	-0.0	0.42486753567	0.231209317812	-0.0	-0.0	0.0105673509833
C2H2_ZF_Average_220	-0.0	-0.0	-0.0	6.96345664573	-0.0	5.29255648982	-0.0	-0.0	-0.0	-0.0	-0.0	-0.0	-0.0
C2H2_ZF_M3098_1.01	-0.0	-0.0	-0.0	2.52167748482	-0.0	0.391377156273	-0.0	-0.0	-0.0	-0.0	-0.0	-0.0	-0.0
C2H2_ZF_M5786_1.01	-0.0	-0.0	-0.0	-0.0	-0.0	-0.0	-0.0	-0.0	-0.0	-0.0	-0.0	-0.0	-0.0
C2H2_ZF_Homeodomain_Average_6	-0.0	-0.0	9.56132581474	-0.0	-0.0	-0.0	-0.0	5.33383210961	4.21484281929	-0.0	6.30548991524	2.03081365092	-0.0
C2H2_ZF_Homeodomain_M2825_1.01	0.266386849273	-0.0	-0.0	-0.0	1.16638987985	-0.0	-0.0	-0.0	-0.0	-0.0	-0.0	-0.0	-0.0
CBF_NF-Y_Average_2	-0.0	-0.0	-0.0	-0.0	-0.0	-0.0	-0.0	-0.0	0.397624295408	-0.0	-0.0	-0.0	-0.0
CENPB_M5139_1.01	-0.0	-0.0	-0.0	-0.0	-0.0	-0.0	-0.0	-0.0	0.47041382725	-0.0	-0.0	-0.0	-0.0
CSD_M6356_1.01	-0.0	-0.0	-0.0	-0.0	-0.0	-0.0	-0.0	-0.0	-0.0	-0.0	-0.0	-0.0	-0.0
CSL_M6318_1.01	-0.0	-0.0	-0.0	-0.0	-0.0	-0.0	-0.0	-0.0	-0.0	-0.0	-0.0	0.848082806138	-0.0
CUT_Homeodomain_Average_10	-0.0	-0.0	-0.0	-0.0	-0.0	-0.0	-0.0	-0.0	-0.0	-0.0	-0.0	-0.0	-0.0
CUT_Homeodomain_Average_6	-0.0	-0.0	-0.0	-0.0	-0.0	-0.0	-0.0	2.30497700466	-0.0	-0.0	-0.0	-0.0	0.713874203144
CUT_Homeodomain_Average_5	-0.0	0.166619008708	-0.0	1.15840033771	-0.0	-0.0	-0.0	-0.0	-0.0	-0.0	-0.0	-0.0	-0.0
CUT_Homeodomain_M5151_1.01	-0.0	-0.0	-0.0	-0.0	-0.0	-0.0	-0.0	4.0650272924	1.13254620243	-0.0	-0.0	-0.0	-0.0
CUT_Homeodomain_Average_9	1.13878936376	0.08668643267	-0.0	-0.0	-0.0	-0.0	-0.0	0.941314794238	-0.0	-0.0	-0.0	-0.0	-0.0
CUT_Homeodomain_M2889_1.01	-0.0	-0.0	-0.0	-0.0	-0.0	-0.0	-0.0	-0.0	-0.0	-0.0	-0.0	-0.0	-0.0
CUT_Homeodomain_M2892_1.01	-0.0	-0.0	1.86925223861	-0.0	-0.0	-0.0	-0.0	-0.0	-0.0	-0.0	-0.0	-0.0	-0.0
CxC_M0529_1.01	-0.0	-0.0	-0.0	-0.0	-0.0	-0.0	-0.0	-0.0	-0.0	-0.0	-0.0	-0.0	-0.0
CxxC_Average_4	-0.0	-0.0	-0.0	-0.0	-0.0	-0.0	-0.0	-0.0	-0.0	-0.0	-0.0	-0.0	-0.0
CxxC_Average_2	-0.0	-0.0	-0.0	-0.0	-0.0	-0.0	0.981577305242	0.379652533858	1.66174205789	-0.0	-0.0	-0.0	-0.0
CxxC_Average_3	-0.0	-0.0	-0.0	-0.0	-0.0	-0.0	-0.0	-0.0	0.470407686343	-0.0	-0.0	-0.0	-0.0
CxxC_M6004_1.01	-0.0	-0.0	-0.0	-0.0	-0.0	-0.0	-0.0	0.281536327162	-0.0	-0.0	-0.0	-0.0	-0.0
CxxC_M0548_1.01	-0.0	-0.0	-0.0	-0.0	-0.0	-0.0	-0.0	-0.0	-0.0	-0.0	0.0696815075396	-0.0	-0.0
CxxC_M0547_1.01	-0.0	-0.0	0.615264825723	-0.0	-0.0	-0.0	-0.0	-0.0	1.67059543335	-0.0	-0.0	0.270746714721	-0.0
DM_Average_5	-0.0	-0.0	-0.0	-0.0	1.64307299967	-0.0	-0.0	-0.0	-0.0	-0.0	-0.0	-0.0	-0.0
DM_M0564_1.01	6.74793085235	1.23620098065	0.460921459514	-0.0	-0.0	0.0535251007578	-0.0	-0.0	-0.0	-0.0	-0.0	-0.0	-0.0
DM_Average_4	-0.0	-0.0	-0.0	-0.0	-0.0	-0.0	-0.0	-0.0	-0.0	-0.0	-0.0	-0.0	-0.0
DM_Average_1	-0.0	-0.0	-0.0	-0.0	-0.0	-0.0	-0.0	-0.0	-0.0	-0.0	-0.0	-0.0	-0.0
DP_E2F_M6334_1.01	-0.0	-0.0	-0.0	-0.0	-0.0	-0.0	-0.0	-0.0	-0.0	-0.0	-0.0	-0.0	-0.0
E2F_Average_32	-0.0	-0.0	-0.0	-0.0	-0.0	-0.0	-0.0	-0.0	-0.0	-0.0	-0.0	-0.0	-0.0
E2F_Average_24	-0.0	-0.0	-0.0	-0.0	-0.0	-0.0	-0.0	-0.0	-0.0	-0.0	-0.0	-0.0	-0.0
E2F_Average_31	-0.0	-0.0	-0.0	-0.0	-0.0	-0.0	-0.0	-0.0	-0.0	-0.0	-0.0	-0.0	-0.0
E2F_Average_28	-0.0	-0.0	-0.0	-0.0	-0.0	-0.0	-0.0	-0.0	-0.0	-0.0	-0.0	-0.0	-0.0
E2F_Average_33	-0.0	-0.0	-0.0	-0.0	-0.0	-0.0	-0.0	-0.0	-0.0	-0.0	-0.0	-0.0	-0.0
E2F_Average_27	-0.0	-0.0	-0.0	-0.0	-0.0	-0.0	-0.0	-0.0	1.01813908282	-0.0	-0.0	-0.0	0.890950894534
EIN3_Average_2	-0.0	-0.0	-0.0	-0.0	-0.0	-0.0	0.0836350924873	-0.0	-0.0	-0.0	-0.0	-0.0	-0.0
EIN3_Average_1	0.519567263573	-0.0	-0.0	-0.0	-0.0	-0.0	-0.0	-0.0	-0.0	-0.0	-0.0	0.656741150906	-0.0
Ets_Average_110	-0.0	-0.0	-0.0	-0.0	-0.0	-0.0	-0.0	0.825164585808	0.793742487667	-0.0	-0.0	-0.0	-0.0
Ets_Average_70	-0.0	-0.0	-0.0	-0.0	-0.0	-0.0	-0.0	1.35862737882	-0.0	-0.0	-0.0	-0.0	-0.0
Ets_M1778_1.01	-0.0	-0.0	3.217273196	-0.0	1.47502593237	-0.0	2.25804644714	-0.0	-0.0	-0.0	-0.0	0.197072105112	-0.0
Ets_Average_109	0.953522093018	-0.0	-0.0	-0.0	-0.0	-0.0	-0.0	5.7813475342	6.17687241977	1.25696019558	-0.0	0.961588879895	-0.0
Ets_M6042_1.01	-0.0	-0.0	0.771105339719	-0.0	0.24960788895	-0.0	-0.0	0.354459361403	0.0467306517704	0.450522845642	-0.0	-0.0	-0.0
Ets_M6024_1.01	1.98600087707	-0.0	0.118932708721	-0.0	-0.0	-0.0	-0.0	-0.0	-0.0	-0.0	-0.0	2.34269363869	-0.0
Ets_Average_72	0.23474254459	-0.0	0.203555454064	-0.0	0.771813055486	-0.0	-0.0	1.46147391778	-0.0	-0.0	-0.0	0.209314853958	-0.0
Ets_Average_100	-0.0	3.0115875592	7.50777555005	5.39671082332	7.70993691358	-0.0	5.32889968717	-0.0	-0.0	-0.0	3.91362788437	-0.0	-0.0
Ets_M5244_1.01	1.38329053291	-0.0	1.41030550523	-0.0	2.76683417247	-0.0	-0.0	-0.0	-0.0	-0.0	0.961843577212	-0.0	-0.0
Ets_M5201_1.01	-0.0	-0.0	0.221044949127	-0.0	-0.0	-0.0	-0.0	-0.0	1.40264542657	-0.0	-0.0	0.556428894055	-0.0
Ets_Average_93	-0.0	-0.0	-0.0	-0.0	-0.0	-0.0	-0.0	-0.0	-0.0	-0.0	-0.0	-0.0	-0.0
Ets_Average_39	-0.0	0.012900840824	-0.0	-0.0	-0.0	-0.0	-0.0	3.1054977233	0.446435115012	0.2155350752	-0.0	0.536570468279	-0.0
Ets_Average_53	-0.0	-0.0	1.66093712183	-0.0	0.127323786005	0.448566944034	-0.0	-0.0	-0.0	-0.0	-0.0	-0.0	-0.0
Ets_Average_12	-0.0	-0.0	-0.0	-0.0	-0.0	-0.0	-0.0	-0.0	-0.0	-0.0	-0.0	1.57491529413	-0.0
Ets_Average_34	-0.0	-0.0	-0.0	-0.0	-0.0	-0.0	-0.0	-0.0	-0.0	-0.0	-0.0	-0.0	-0.0
Forkhead_Average_66	-0.0	-0.0	1.13525843133	-0.0	-0.0	1.01390081651	-0.0	-0.0	-0.0	-0.0	-0.0	-0.0	-0.0
Forkhead_M5254_1.01	-0.0	-0.0	-0.0	-0.0	-0.0	-0.0	0.47221569019	-0.0	-0.0	-0.0	-0.0	-0.0	1.00597195413
Forkhead_M0644_1.01	-0.0	-0.0	-0.0	-0.0	-0.0	-0.0	-0.0	-0.0	-0.0	-0.0	0.466152270109	1.44148310474	-0.0
Forkhead_M6063_1.01	-0.0	0.535085068368	-0.0	-0.0	-0.0	-0.0	-0.0	-0.0	-0.0	0.369963277476	-0.0	-0.0	-0.0
Forkhead_Average_104	-0.0	-0.0	-0.0	-0.0	-0.0	-0.0	-0.0	-0.0	-0.0	-0.0	-0.0	-0.0	-0.0
Forkhead_Average_98	-0.0	-0.0	-0.0	-0.0	-0.0	-0.0	-0.0	4.46958767661	-0.0	-0.0	-0.0	-0.0	-0.0
Forkhead_Average_101	-0.0	-0.0	-0.0	-0.0	-0.0	-0.0	-0.0	-0.0	-0.0	-0.0	-0.0	-0.0	-0.0
Forkhead_Average_103	-0.0	-0.0	-0.0	-0.0	-0.0	-0.0	-0.0	4.07981579417	0.745909850954	2.30451766063	-0.0	-0.0	-0.0
Forkhead_Average_14	-0.0	0.889683865528	-0.0	-0.0	-0.0	-0.0	-0.0	-0.0	-0.0	-0.0	-0.0	0.0595258337893	-0.0
Forkhead_M6055_1.01	-0.0	-0.0	-0.0	-0.0	-0.0	-0.0	-0.0	-0.0	-0.0	1.23446104905	-0.0	-0.0	-0.0
Forkhead_Average_105	-0.0	-0.0	-0.0	-0.0	-0.0	-0.0	-0.0	0.150375358845	-0.0	-0.0	-0.0	-0.0	-0.0
Forkhead_M3127_1.01	-0.0	-0.0	-0.0	-0.0	-0.0	-0.0	-0.0	-0.0	-0.0	-0.0	-0.0	-0.0	-0.0
Forkhead_M6068_1.01	-0.0	-0.0	-0.0	-0.0	-0.0	-0.0	-0.0	-0.0	-0.0	-0.0	-0.0	-0.0	-0.0
Forkhead_Average_20	1.07256559324	-0.0	-0.0	-0.0	-0.0	-0.0	-0.0	0.591193380615	-0.0	-0.0	-0.0	-0.0	-0.0
Forkhead_M5271_1.01	-0.0	-0.0	-0.0	0.144871477906	-0.0	1.21968633968	-0.0	0.878777915951	-0.0	-0.0	-0.0	-0.0	-0.0
Forkhead_Average_74	-0.0	-0.0	-0.0	-0.0	-0.0	-0.0	-0.0	0.352620297574	-0.0	-0.0	-0.0	-0.0	-0.0
Forkhead_Average_1	-0.0	-0.0	-0.0	-0.0	-0.0	-0.0	-0.0	-0.0	-0.0	-0.0	-0.0	-0.0	-0.0
Forkhead_M2151_1.01	-0.0	-0.0	-0.0	-0.0	0.54190362678	-0.0	-0.0	-0.0	-0.0	0.658001579258	-0.0	-0.0	-0.0
Forkhead_M6059_1.01	-0.0	-0.0	-0.0	-0.0	-0.0	-0.0	-0.0	-0.0	-0.0	-0.0	-0.0	-0.0	-0.0
Forkhead_M1734_1.01	-0.0	-0.0	-0.0	-0.0	-0.0	-0.0	-0.0	0.848880092834	-0.0	-0.0	-0.0	-0.0	-0.0
Forkhead_M1735_1.01	-0.0	-0.0	-0.0	-0.0	-0.0	-0.0	-0.0	-0.0	-0.0	-0.0	-0.0	-0.0	-0.0
Forkhead_Average_75	-0.0	-0.0	-0.0	0.316107807627	0.269072463199	-0.0	-0.0	-0.0	-0.0	-0.0	-0.0	-0.0	0.649816613267
GATA_Average_32	-0.0	0.406916157815	-0.0	9.21869635437	-0.0	10.4286204282	-0.0	-0.0	-0.0	-0.0	-0.0	-0.0	6.84694246806
GATA_M3183_1.01	-0.0	-0.0	-0.0	3.59912012099	-0.0	6.09023728534	-0.0	-0.0	-0.0	-0.0	-0.0	-0.0	-0.0
GATA_M3198_1.01	-0.0	-0.0	-0.0	4.30804125922	-0.0	2.91822869369	-0.0	5.87674929634	0.423073938849	-0.0	-0.0	-0.0	-0.0
GATA_M4535_1.01	-0.0	-0.0	-0.0	7.56352599704	-0.0	-0.0	-0.0	5.2892351801	-0.0	-0.0	-0.0	-0.0	-0.0
GATA_Average_33	-0.0	-0.0	-0.0	-0.0	-0.0	-0.0	-0.0	-0.0	-0.0	-0.0	-0.0	-0.0	-0.0
GATA_Average_30	-0.0	0.647108075957	-0.0	6.27920532696	-0.0	7.35106144261	-0.0	-0.0	-0.0	-0.0	-0.0	-0.0	5.36669014518
GCM_Average_9	-0.0	-0.0	-0.0	-0.0	-0.0	-0.0	-0.0	-0.0	1.52738333861	2.01732714348	-0.0	-0.0	-0.0
GCM_Average_8	-0.0	-0.0	-0.0	-0.0	-0.0	-0.0	-0.0	-0.0	-0.0	-0.0	-0.0	-0.0	-0.0
GCM_M5304_1.01	-0.0	-0.0	0.763255794535	-0.0	-0.0	-0.0	-0.0	-0.0	-0.0	-0.0	-0.0	-0.0	-0.0
Grainyhead_Average_6	-0.0	-0.0	-0.0	-0.0	-0.0	0.842758616614	-0.0	-0.0	-0.0	-0.0	-0.0	-0.0	2.13772364914
Grainyhead_M6333_1.01	-0.0	-0.0	-0.0	-0.0	-0.0	0.983916723166	0.505486555606	-0.0	-0.0	-0.0	-0.0	-0.0	2.08611757493
Grainyhead_M2949_1.01	-0.0	-0.0	-0.0	-0.0	-0.0	-0.0	-0.0	-0.0	-0.0	0.247312181694	-0.0	-0.0	1.20443045562
Grainyhead_Average_4	-0.0	0.0551054645886	-0.0	-0.0	-0.0	-0.0	0.371844925041	-0.0	-0.0	0.284962792752	-0.0	-0.0	-0.0
Grainyhead_M5316_1.01	-0.0	-0.0	-0.0	-0.0	-0.0	0.410031715496	-0.0	-0.0	-0.0	-0.0	-0.0	-0.0	-0.0
Grainyhead_M6348_1.01	-0.0	-0.0	-0.0	-0.0	-0.0	-0.0	-0.0	-0.0	-0.0	-0.0	-0.0	-0.0	-0.0
Homeodomain_M2900_1.01	1.52488914671	-0.0	-0.0	-0.0	-0.0	-0.0	-0.0	-0.0	-0.0	-0.0	-0.0	-0.0	-0.0
Homeodomain_M1766_1.01	-0.0	-0.0	-0.0	-0.0	-0.0	-0.0	-0.0	-0.0	-0.0	-0.0	-0.0	-0.0	-0.0
Homeodomain_M3061_1.01	-0.0	-0.0	-0.0	-0.0	-0.0	-0.0	-0.0	-0.0	-0.0	-0.0	-0.0	-0.0	-0.0
Homeodomain_M1729_1.01	-0.0	-0.0	-0.0	-0.0	-0.0	-0.0	-0.0	-0.0	-0.0	-0.0	-0.0	-0.0	-0.0
Homeodomain_Average_371	-0.0	-0.0	-0.0	1.11582362558	-0.0	-0.0	-0.0	-0.0	-0.0	-0.0	-0.0	-0.0	-0.0
Homeodomain_Average_43	-0.0	-0.0	-0.0	-0.0	-0.0	-0.0	-0.0	-0.0	-0.0	-0.0	-0.0	-0.0	-0.0
Homeodomain_Average_132	0.453101331884	-0.0	-0.0	-0.0	-0.0	-0.0	-0.0	-0.0	-0.0	-0.0	-0.0	-0.0	-0.0
Homeodomain_Average_385	-0.0	-0.0	-0.0	-0.0	-0.0	0.127996903458	-0.0	-0.0	-0.0	-0.0	-0.0	-0.0	-0.0
Homeodomain_Average_280	-0.0	-0.0	-0.0	3.04782411058	-0.0	6.40820282276	-0.0	-0.0	-0.0	-0.0	-0.0	-0.0	1.17991616257
Homeodomain_M2139_1.01	-0.0	-0.0	-0.0	-0.0	-0.0	2.0254514565	-0.0	-0.0	-0.0	-0.0	-0.0	0.495563664707	-0.0
Homeodomain_Average_377	1.25077730917	-0.0	-0.0	-0.0	-0.0	-0.0	-0.0	-0.0	-0.0	-0.0	-0.0	-0.0	-0.0
Homeodomain_M0858_1.01	3.43886082331	-0.0	0.547135186171	-0.0	-0.0	-0.0	-0.0	-0.0	-0.0	-0.0	-0.0	-0.0	-0.0
Homeodomain_M5766_1.01	-0.0	-0.0	-0.0	0.121544533976	-0.0	-0.0	-0.0	-0.0	-0.0	-0.0	-0.0	-0.0	-0.0
Homeodomain_M3510_1.01	-0.0	-0.0	-0.0	-0.0	-0.0	-0.0	-0.0	-0.0	-0.0	-0.0	-0.0	-0.0	-0.0
Homeodomain_Average_389	0.239092541922	-0.0	-0.0	-0.0	-0.0	-0.0	-0.0	-0.0	-0.0	-0.0	-0.0	-0.0	-0.0
Homeodomain_Average_395	-0.0	0.104775030875	-0.0	-0.0	-0.0	0.143167089728	-0.0	-0.0	-0.0	-0.0	-0.0	-0.0	-0.0
Homeodomain_M5976_1.01	-0.0	0.431327868216	-0.0	-0.0	-0.0	-0.0	-0.0	-0.0	-0.0	-0.0	-0.0	-0.0	-0.0
Homeodomain_Average_405	-0.0	-0.0	-0.0	-0.0	-0.0	-0.0	-0.0	-0.0	-0.0	-0.0	-0.0	-0.0	-0.0
Homeodomain_Average_378	-0.0	-0.0	-0.0	-0.0	-0.0	-0.0	-0.0	-0.0	-0.0	-0.0	-0.0	-0.0	-0.0
Homeodomain_Average_380	-0.0	-0.0	-0.0	-0.0	-0.0	-0.0	-0.0	-0.0	-0.0	-0.0	-0.0	-0.0	-0.0
Homeodomain_Average_349	-0.0	-0.0	-0.0	-0.0	-0.0	-0.0	-0.0	-0.0	-0.0	-0.0	-0.0	-0.0	-0.0
Homeodomain_Average_359	-0.0	-0.0	-0.0	-0.0	-0.0	-0.0	-0.0	-0.0	-0.0	-0.0	-0.0	-0.0	-0.0
Homeodomain_Average_404	-0.0	-0.0	-0.0	-0.0	-0.0	0.228375437167	-0.0	-0.0	-0.0	-0.0	-0.0	-0.0	-0.0
Homeodomain_Average_286	-0.0	-0.0	-0.0	3.91943488669	-0.0	3.83415250805	-0.0	-0.0	-0.0	-0.0	-0.0	-0.0	1.42467057614
Homeodomain_Average_366	-0.0	-0.0	-0.0	-0.0	-0.0	-0.0	-0.0	-0.0	-0.0	-0.0	-0.0	-0.0	-0.0
Homeodomain_Average_318	-0.0	-0.0	-0.0	-0.0	-0.0	-0.0	-0.0	-0.0	-0.0	-0.0	-0.0	-0.0	-0.0
Homeodomain_Average_152	-0.0	-0.0	-0.0	-0.0	-0.0	-0.0	-0.0	-0.0	-0.0	-0.0	-0.0	-0.0	-0.0
Homeodomain_M3446_1.01	-0.0	-0.0	-0.0	-0.0	-0.0	-0.0	-0.0	-0.0	-0.0	-0.0	-0.0	-0.0	-0.0
Homeodomain_M3472_1.01	0.0665829838749	-0.0	-0.0	-0.0	-0.0	-0.0	-0.0	-0.0	-0.0	-0.0	-0.0	-0.0	-0.0
Homeodomain_M3303_1.01	-0.0	-0.0	-0.0	-0.0	-0.0	-0.0	-0.0	-0.0	-0.0	-0.0	-0.0	-0.0	-0.0
Homeodomain_Average_261	0.228347195016	-0.0	-0.0	-0.0	-0.0	-0.0	-0.0	-0.0	-0.0	1.40698653964	-0.0	-0.0	-0.0
Homeodomain_Average_41	0.0699201640166	-0.0	-0.0	-0.0	-0.0	-0.0	-0.0	-0.0	-0.0	-0.0	-0.0	-0.0	-0.0
Homeodomain_Average_314	-0.0	-0.0	-0.0	-0.0	-0.0	-0.0	-0.0	2.77302252172	-0.0	-0.0	-0.0	-0.0	-0.0
Homeodomain_Average_34	-0.0	-0.0	-0.0	-0.0	-0.0	-0.0	-0.0	-0.0	-0.0	-0.0	-0.0	-0.0	-0.0
Homeodomain_M6258_1.01	-0.0	-0.0	-0.0	1.00334808586	-0.0	-0.0	-0.0	-0.0	-0.0	-0.0	-0.0	-0.0	-0.0
Homeodomain_M3298_1.01	-0.0	-0.0	-0.0	-0.0	-0.0	-0.0	-0.0	-0.0	-0.0	-0.0	-0.0	-0.0	-0.0
Homeodomain_M5413_1.01	-0.0	-0.0	-0.0	0.267362266662	-0.0	-0.0	-0.0	-0.0	-0.0	-0.0	-0.0	-0.0	-0.0
Homeodomain_Average_332	1.24707997426	0.168457144855	-0.0	-0.0	-0.0	-0.0	-0.0	0.359802327158	-0.0	-0.0	-0.0	-0.0	-0.0
Homeodomain_Average_33	-0.0	0.0276140752293	-0.0	0.974328385179	-0.0	0.471175564164	-0.0	-0.0	-0.0	-0.0	-0.0	-0.0	-0.0
Homeodomain_M6257_1.01	-0.0	-0.0	-0.0	-0.0	-0.0	-0.0	-0.0	-0.0	-0.0	-0.0	-0.0	-0.0	-0.0
Homeodomain_Average_186	-0.0	-0.0	-0.0	-0.0	-0.0	-0.0	-0.0	-0.0	-0.0	-0.0	-0.0	-0.0	0.103135688377
Homeodomain_M2172_1.01	-0.0	-0.0	-0.0	-0.0	-0.0	-0.0	-0.0	-0.0	-0.0	-0.0	-0.0	-0.0	0.611369982911
Homeodomain_M6112_1.01	-0.0	-0.0	-0.0	1.10990712269	-0.0	-0.0	-0.0	-0.0	-0.0	-0.0	-0.0	-0.0	-0.0
Homeodomain_Average_399	8.21686093197	1.61542610827	7.83011872084	-0.0	-0.0	-0.0	-0.0	-0.0	-0.0	-0.0	-0.0	-0.0	-0.0
Homeodomain_M6238_1.01	-0.0	-0.0	-0.0	0.297757413812	-0.0	-0.0	-0.0	-0.0	-0.0	0.0255203061638	-0.0	-0.0	-0.0
Homeodomain_Average_305	-0.0	-0.0	-0.0	0.243331008251	0.185656602106	-0.0	-0.0	-0.0	-0.0	-0.0	-0.0	-0.0	-0.0
Homeodomain_Average_142	0.140318066631	0.0111636789393	3.67632410811	0.687009218344	0.696929125992	-0.0	-0.0	-0.0	-0.0	-0.0	-0.0	0.331739745499	-0.0
Homeodomain_M5445_1.01	-0.0	-0.0	-0.0	2.12778137013	-0.0	-0.0	-0.0	0.222794911325	0.224315376051	-0.0	-0.0	-0.0	-0.0
Homeodomain_M2886_1.01	-0.0	-0.0	-0.0	-0.0	-0.0	-0.0	-0.0	-0.0	-0.0	-0.0	-0.0	-0.0	-0.0
Homeodomain_Average_28	-0.0	-0.0	-0.0	-0.0	-0.0	-0.0	-0.0	-0.0	-0.0	-0.0	-0.0	-0.0	-0.0
Homeodomain_Average_268	4.10970692858	-0.0	1.36135655647	-0.0	-0.0	-0.0	-0.0	-0.0	-0.0	-0.0	-0.0	-0.0	-0.0
Homeodomain_M0992_1.01	-0.0	-0.0	-0.0	1.29662819152	-0.0	-0.0	-0.0	6.19460690372	2.10150950087	-0.0	-0.0	-0.0	-0.0
Homeodomain_M6123_1.01	4.86512002894	-0.0	1.29424408555	-0.0	-0.0	-0.0	-0.0	-0.0	-0.0	-0.0	-0.0	-0.0	-0.0
Homeodomain_M6108_1.01	8.25987302179	0.749776665825	4.5632111871	-0.0	-0.0	-0.0	-0.0	-0.0	-0.0	-0.0	-0.0	-0.0	-0.0
Homeodomain_Average_386	1.43581380107	-0.0	0.639531424511	-0.0	-0.0	-0.0	-0.0	-0.0	-0.0	-0.0	-0.0	-0.0	-0.0
Homeodomain_Average_353	1.96856454793	-0.0	0.4196360969	-0.0	-0.0	-0.0	-0.0	-0.0	-0.0	-0.0	-0.0	-0.0	-0.0
Homeodomain_Average_390	4.62253884103	-0.0	2.92901506913	-0.0	-0.0	-0.0	-0.0	-0.0	-0.0	-0.0	-0.0	-0.0	-0.0
Homeodomain_M6121_1.01	-0.0	-0.0	-0.0	-0.0	-0.0	-0.0	-0.0	0.280878797739	-0.0	-0.0	-0.0	-0.0	-0.0
Homeodomain_Average_238	-0.0	-0.0	-0.0	-0.0	-0.0	-0.0	-0.0	-0.0	-0.0	-0.0	-0.0	-0.0	-0.0
Homeodomain_M5349_1.01	-0.0	-0.0	-0.0	-0.0	-0.0	-0.0	-0.0	-0.0	-0.0	-0.0	-0.0	-0.0	-0.0
Homeodomain_M5767_1.01	-0.0	-0.0	-0.0	-0.0	-0.0	-0.0	-0.0	-0.0	-0.0	-0.0	-0.0	-0.0	-0.0
Homeodomain_Average_355	1.54838802261	0.979434836991	-0.0	-0.0	-0.0	0.206872160198	-0.0	-0.0	-0.0	-0.0	-0.0	-0.0	-0.0
Homeodomain_M6365_1.01	5.31665557037	5.45431235036	-0.0	-0.0	-0.0	-0.0	-0.0	-0.0	-0.0	-0.0	-0.0	-0.0	-0.0
Homeodomain_M6120_1.01	0.142546713981	0.0333746884119	0.377411973091	-0.0	-0.0	-0.0	-0.0	-0.0	-0.0	-0.0	-0.0	-0.0	-0.0
Homeodomain_M0986_1.01	-0.0	-0.0	-0.0	-0.0	-0.0	-0.0	-0.0	-0.0	-0.0	1.2415221981	-0.0	-0.0	-0.0
Homeodomain_M0985_1.01	-0.0	-0.0	-0.0	-0.0	-0.0	-0.0	-0.0	-0.0	0.535941772126	2.05307703992	-0.0	-0.0	-0.0
Homeodomain_Average_101	5.24605827358	0.0746877930585	0.96428416115	-0.0	-0.0	0.127996903458	-0.0	-0.0	-0.0	-0.0	-0.0	-0.0	-0.0
Homeodomain_M6118_1.01	7.35641210649	-0.0	5.92975012813	-0.0	-0.0	-0.0	-0.0	-0.0	-0.0	-0.0	-0.0	-0.0	-0.0
Homeodomain_M6196_1.01	-0.0	-0.0	-0.0	-0.0	-0.0	0.0155927531709	-0.0	-0.0	-0.0	-0.0	-0.0	-0.0	-0.0
Homeodomain_M6193_1.01	-0.0	-0.0	-0.0	-0.0	-0.0	-0.0	-0.0	-0.0	-0.0	-0.0	-0.0	0.0897663295733	-0.0
Homeodomain_Average_72	0.365083127321	-0.0	-0.0	-0.0	-0.0	-0.0	-0.0	0.0958665702483	0.608502142461	-0.0	-0.0	-0.0	-0.0
Homeodomain_Average_394	-0.0	-0.0	-0.0	-0.0	-0.0	-0.0	-0.0	-0.0	-0.0	-0.0	-0.0	-0.0	-0.0
Homeodomain_Average_338	-0.0	-0.0	-0.0	-0.0	-0.0	-0.0	-0.0	-0.0	-0.0	-0.0	-0.0	-0.0	-0.0
Homeodomain_Average_289	-0.0	-0.0	-0.0	-0.0	-0.0	-0.0	-0.0	-0.0	-0.0	-0.0	-0.0	-0.0	-0.0
Homeodomain_M6007_1.01	-0.0	0.230728507268	-0.0	-0.0	-0.0	-0.0	-0.0	-0.0	-0.0	-0.0	-0.0	-0.0	-0.0
Homeodomain_M5336_1.01	0.483922418312	0.0591387562898	-0.0	-0.0	-0.0	-0.0	-0.0	-0.0	-0.0	0.40013079049	-0.0	-0.0	-0.0
Homeodomain_Average_383	-0.0	-0.0	-0.0	-0.0	-0.0	0.0263108957799	-0.0	-0.0	-0.0	-0.0	-0.0	-0.0	-0.0
Homeodomain_Average_351	-0.0	-0.0	-0.0	-0.0	-0.0	0.365889968423	-0.0	-0.0	-0.0	-0.0	-0.0	-0.0	-0.0
Homeodomain_Average_402	-0.0	-0.0	-0.0	-0.0	-0.0	0.371077945129	-0.0	-0.0	-0.0	-0.0	-0.0	-0.0	-0.0
Homeodomain_M0888_1.01	-0.0	-0.0	-0.0	1.40551530688	-0.0	0.128725222279	-0.0	0.365811355258	-0.0	-0.0	-0.0	-0.0	-0.0
Homeodomain_M0906_1.01	-0.0	-0.0	-0.0	-0.0	-0.0	-0.0	-0.0	-0.0	-0.0	-0.0	-0.0	-0.0	-0.0
Homeodomain_Average_401	-0.0	-0.0	-0.0	-0.0	-0.0	-0.0	-0.0	-0.0	-0.0	-0.0	-0.0	-0.0	-0.0
Homeodomain_Average_376	-0.0	-0.0	-0.0	-0.0	-0.0	-0.0	-0.0	-0.0	-0.0	-0.0	-0.0	-0.0	-0.0
Homeodomain_Average_370	-0.0	-0.0	-0.0	0.22779430196	-0.0	-0.0	-0.0	-0.0	-0.0	-0.0	-0.0	-0.0	-0.0
Homeodomain_Average_319	-0.0	-0.0	-0.0	-0.0	-0.0	-0.0	-0.0	-0.0	-0.0	-0.0	-0.0	-0.0	-0.0
Homeodomain_M0943_1.01	-0.0	-0.0	-0.0	-0.0	-0.0	-0.0	-0.0	-0.0	-0.0	-0.0	-0.0	-0.0	-0.0
Homeodomain_Average_400	-0.0	-0.0	-0.0	-0.0	-0.0	-0.0	-0.0	-0.0	-0.0	-0.0	-0.0	-0.0	-0.0
Homeodomain_Average_367	-0.0	-0.0	-0.0	-0.0	-0.0	-0.0	-0.0	-0.0	-0.0	-0.0	-0.0	-0.0	-0.0
Homeodomain_M0967_1.01	-0.0	0.733863730367	-0.0	0.349055491023	-0.0	-0.0	-0.0	2.60473881228	-0.0	-0.0	-0.0	-0.0	-0.0
Homeodomain_Average_361	-0.0	-0.0	-0.0	-0.0	-0.0	-0.0	-0.0	-0.0	-0.0	-0.0	-0.0	-0.0	-0.0
Homeodomain_Average_246	-0.0	-0.0	-0.0	-0.0	-0.0	-0.0	-0.0	-0.0	-0.0	-0.0	-0.0	-0.0	-0.0
Homeodomain_Average_187	-0.0	-0.0	-0.0	-0.0	-0.0	-0.0	-0.0	-0.0	-0.0	-0.0	-0.0	-0.0	-0.0
Homeodomain_Average_372	-0.0	-0.0	0.198264894471	-0.0	-0.0	-0.0	-0.0	-0.0	-0.0	-0.0	-0.0	-0.0	-0.0
Homeodomain_Average_312	-0.0	-0.0	-0.0	-0.0	-0.0	-0.0	-0.0	-0.0	-0.0	-0.0	-0.0	-0.0	-0.0
Homeodomain_M0808_1.01	-0.0	-0.0	-0.0	-0.0	-0.0	-0.0	-0.0	1.7553240434	0.0871548277473	-0.0	0.506606256446	-0.0	-0.0
Homeodomain_Average_345	-0.0	-0.0	-0.0	-0.0	-0.0	-0.0	-0.0	-0.0	-0.0	-0.0	-0.0	-0.0	-0.0
Homeodomain_Average_326	-0.0	-0.0	-0.0	-0.0	-0.0	-0.0	-0.0	-0.0	-0.0	-0.0	-0.0	-0.0	-0.0
Homeodomain_M0811_1.01	-0.0	-0.0	-0.0	-0.0	-0.0	-0.0	-0.0	-0.0	-0.0	-0.0	-0.0	-0.0	-0.0
Homeodomain_M0848_1.01	-0.0	-0.0	-0.0	4.49350856536	-0.0	1.69282185524	-0.0	-0.0	-0.0	-0.0	-0.0	-0.0	-0.0
Homeodomain_Average_200	-0.0	-0.0	0.784276775874	-0.0	-0.0	-0.0	-0.0	-0.0	-0.0	-0.0	0.928517986519	0.786964140179	-0.0
Homeodomain_Average_139	-0.0	-0.0	1.07411519553	-0.0	-0.0	-0.0	-0.0	-0.0	-0.0	-0.0	-0.0	-0.0	-0.0
Homeodomain_M6338_1.01	-0.0	-0.0	-0.0	-0.0	-0.0	-0.0	-0.0	-0.0	-0.0	-0.0	-0.0	-0.0	-0.0
Homeodomain_M6344_1.01	-0.0	-0.0	1.2778772032	-0.0	-0.0	-0.0	-0.0	-0.0	-0.0	-0.0	-0.0	-0.0	0.0906938267687
Homeodomain_M6345_1.01	-0.0	-0.0	-0.0	-0.0	-0.0	1.95269968984	-0.0	-0.0	-0.0	-0.0	-0.0	-0.0	0.557499653338
Homeodomain_M6091_1.01	-0.0	-0.0	-0.0	-0.0	-0.0	0.81704571141	-0.0	-0.0	-0.0	-0.0	-0.0	-0.0	0.447463494194
Homeodomain_Average_79	-0.0	-0.0	-0.0	-0.0	-0.0	-0.0	-0.0	-0.0	-0.0	-0.0	-0.0	-0.0	-0.0
Homeodomain_M5856_1.01	-0.0	0.704975530521	-0.0	-0.0	-0.0	-0.0	-0.0	-0.0	-0.0	-0.0	-0.0	-0.0	-0.0
Homeodomain_M3271_1.01	-0.0	-0.0	-0.0	-0.0	-0.0	-0.0	-0.0	-0.0	-0.0	-0.0	-0.0	-0.0	-0.0
Homeodomain_Paired_box_M3586_1.01	1.70183883882	-0.0	-0.0	-0.0	-0.0	-0.0	-0.0	-0.0	-0.0	-0.0	-0.0	-0.0	-0.0
Homeodomain_Paired_box_M3588_1.01	-0.0	-0.0	-0.0	-0.0	-0.0	-0.0	-0.0	-0.0	-0.0	-0.0	-0.0	-0.0	-0.0
Homeodomain_Paired_box_Average_9	0.0764687673861	-0.0	-0.0	-0.0	-0.0	-0.0	-0.0	-0.0	-0.0	-0.0	-0.0	-0.0	-0.0
Homeodomain_Paired_box_M3581_1.01	-0.0	-0.0	-0.0	-0.0	1.69773087878	-0.0	-0.0	-0.0	-0.0	-0.0	-0.0	-0.0	-0.0
Homeodomain_Paired_box_Average_2	-0.0	-0.0	-0.0	-0.0	-0.0	-0.0	-0.0	-0.0	-0.0	-0.0	-0.0	-0.0	-0.0
Homeodomain_Paired_box_Average_6	-0.0	-0.0	-0.0	-0.0	-0.0	-0.0	-0.0	-0.0	-0.0	-0.0	-0.0	0.310002697226	-0.0
Homeodomain_Paired_box_M3587_1.01	-0.0	-0.0	-0.0	-0.0	-0.0	-0.0	-0.0	-0.0	-0.0	0.696116413532	-0.0	-0.0	0.21224321417
Homeodomain_Paired_box_Average_8	-0.0	-0.0	-0.0	-0.0	-0.0	-0.0	-0.0	-0.0	-0.0	-0.0	1.17407721506	5.21652610321	-0.0
Homeodomain_Paired_box_M3585_1.01	-0.0	-0.0	-0.0	-0.0	-0.0	-0.0	-0.0	-0.0	0.235188692835	-0.0	0.766018007366	1.87246753821	-0.0
Homeodomain_Paired_box_Average_10	-0.0	-0.0	-0.0	-0.0	-0.0	-0.0	-0.0	-0.0	-0.0	-0.0	0.722757692695	-0.0	-0.0
Homeodomain_Paired_box_M3583_1.01	-0.0	-0.0	-0.0	-0.0	-0.0	-0.0	0.00342814213822	-0.0	0.239400523035	1.26933992155	-0.0	-0.0	-0.0
Homeodomain_POU_Average_48	-0.0	-0.0	-0.0	-0.0	-0.0	-0.0	-0.0	-0.0	-0.0	-0.0	0.48970643966	-0.0	-0.0
Homeodomain_POU_M5566_1.01	-0.0	-0.0	-0.0	0.586428589079	-0.0	-0.0	-0.0	-0.0	-0.0	-0.0	-0.0	-0.0	-0.0
Homeodomain_POU_M2879_1.01	0.3905515757	-0.0	-0.0	-0.0	-0.0	-0.0	-0.0	-0.0	-0.0	-0.0	-0.0	-0.0	-0.0
Homeodomain_POU_Average_44	-0.0	-0.0	-0.0	-0.0	-0.0	-0.0	-0.0	-0.0	-0.0	-0.0	-0.0	-0.0	-0.0
Homeodomain_POU_M3547_1.01	-0.0	-0.0	-0.0	1.18679173338	-0.0	-0.0	-0.0	-0.0	-0.0	-0.0	-0.0	-0.0	-0.0
Homeodomain_POU_M1143_1.01	-0.0	-0.0	-0.0	-0.0	-0.0	-0.0	-0.0	-0.0	-0.0	-0.0	1.29241850439	-0.0	-0.0
Homeodomain_POU_Average_50	-0.0	-0.0	-0.0	-0.0	-0.0	-0.0	-0.0	-0.0	-0.0	-0.0	-0.0	-0.0	-0.0
Homeodomain_POU_M3945_1.01	-0.0	-0.0	-0.0	-0.0	-0.0	-0.0	-0.0	-0.0	-0.0	-0.0	-0.0	-0.0	-0.0
Homeodomain_POU_Average_43	-0.0	-0.0	-0.0	-0.0	-0.0	-0.0	-0.0	-0.0	-0.0	-0.0	7.92989590006	-0.0	-0.0
Homeodomain_POU_Average_32	-0.0	-0.0	-0.0	-0.0	-0.0	-0.0	-0.0	-0.0	-0.0	-0.0	0.629054457394	-0.0	-0.0
Homeodomain_POU_Average_47	-0.0	-0.0	-0.0	-0.0	-0.0	-0.0	-0.0	-0.0	-0.0	-0.0	-0.0	-0.0	-0.0
Homeodomain_POU_M1146_1.01	-0.0	-0.0	-0.0	-0.0	-0.0	-0.0	-0.0	-0.0	-0.0	-0.0	5.16909200167	-0.0	-0.0
Homeodomain_POU_M3550_1.01	-0.0	-0.0	-0.0	0.516061053078	-0.0	-0.0	-0.0	0.523381096648	-0.0	-0.0	0.619896313466	-0.0	-0.0
Homeodomain_POU_Average_46	-0.0	0.415119154763	-0.0	-0.0	0.0411963812971	-0.0	-0.0	-0.0	-0.0	-0.0	0.0406524229837	-0.0	-0.0
Homeodomain_POU_Average_45	-0.0	-0.0	-0.0	-0.0	-0.0	-0.0	-0.0	-0.0	-0.0	-0.0	-0.0	-0.0	-0.0
Homeodomain_POU_M6245_1.01	7.65130893871	1.20253981294	2.94285354743	-0.0	-0.0	-0.0	-0.0	-0.0	-0.0	-0.0	-0.0	-0.0	-0.0
Homeodomain_POU_M6236_1.01	-0.0	1.02263292176	-0.0	-0.0	-0.0	0.44890000851	-0.0	-0.0	-0.0	-0.0	-0.0	-0.0	-0.0
Homeodomain_POU_M1137_1.01	0.0432982489053	-0.0	-0.0	-0.0	-0.0	-0.0	-0.0	-0.0	-0.0	-0.0	-0.0	-0.0	-0.0
Homeodomain_POU_M3642_1.01	-0.0	-0.0	-0.0	-0.0	-0.0	-0.0	0.104034467984	-0.0	-0.0	-0.0	-0.0	-0.0	-0.0
HSF_Average_3	0.641992743784	2.15685516083	-0.0	-0.0	-0.0	-0.0	-0.0	-0.0	-0.0	-0.0	-0.0	-0.0	-0.0
HSF_M5388_1.01	0.342124066158	1.26887375817	-0.0	-0.0	-0.0	0.935727501585	-0.0	-0.0	-0.0	-0.0	-0.0	-0.0	-0.0
HSF_Average_8	-0.0	-0.0	-0.0	-0.0	0.512991177442	-0.0	-0.0	-0.0	-0.0	-0.0	-0.0	-0.0	-0.0
HSF_Average_6	-0.0	-0.0	-0.0	-0.0	-0.0	-0.0	-0.0	-0.0	0.283284614088	-0.0	0.180748658676	-0.0	-0.0
HSF_M4439_1.01	-0.0	-0.0	-0.0	-0.0	-0.0	-0.0	-0.0	-0.0	-0.0	-0.0	-0.0	-0.0	1.08080435829
IRF_Average_23	-0.0	-0.0	-0.0	-0.0	6.52581675264	-0.0	-0.0	1.31339994475	0.540826996803	3.0469491446	5.54442937603	-0.0	-0.0
IRF_M6129_1.01	-0.0	-0.0	-0.0	-0.0	4.71690856914	-0.0	0.34585172762	-0.0	-0.0	-0.0	3.95995705358	-0.0	-0.0
IRF_Average_22	-0.0	-0.0	-0.0	-0.0	3.76414145919	-0.0	-0.0	-0.0	1.696083996	-0.0	4.55930040491	-0.0	-0.0
IRF_M5396_1.01	-0.0	2.47701065116	-0.0	-0.0	-0.0	-0.0	-0.0	0.0796288283703	-0.0	-0.0	0.758593756611	-0.0	-0.0
IRF_M4333_1.01	-0.0	-0.0	-0.0	-0.0	7.20610351877	-0.0	-0.0	-0.0	-0.0	-0.0	7.27254420941	-0.0	-0.0
IRF_M6130_1.01	-0.0	-0.0	-0.0	-0.0	-0.0	-0.0	-0.0	-0.0	-0.0	-0.0	1.39960161968	0.708677503532	-0.0
IRF_Average_17	-0.0	-0.0	-0.0	-0.0	0.443443040865	-0.0	-0.0	-0.0	-0.0	-0.0	3.07216735441	-0.0	-0.0
IRF_M1167_1.01	-0.0	-0.0	-0.0	-0.0	0.941438287408	-0.0	-0.0	-0.0	-0.0	-0.0	0.544447142858	-0.0	-0.0
IRF_Average_24	-0.0	-0.0	-0.0	-0.0	0.806604493317	-0.0	-0.0	0.448942579345	-0.0	-0.0	1.18613467135	-0.0	-0.0
IRF_M1164_1.01	-0.0	-0.0	-0.0	-0.0	-0.0	-0.0	-0.0	-0.0	-0.0	-0.0	-0.0	-0.0	-0.0
MADS_box_Average_21	-0.0	1.68590834176	-0.0	-0.0	-0.0	-0.0	-0.0	-0.0	-0.0	-0.0	0.500778363874	2.25558071812	-0.0
MADS_box_M3423_1.01	-0.0	-0.0	-0.0	-0.0	-0.0	-0.0	-0.0	0.617709935415	-0.0	-0.0	2.41076795793	-0.0	-0.0
MADS_box_M3420_1.01	-0.0	0.322085677626	-0.0	-0.0	-0.0	-0.0	-0.0	-0.0	-0.0	-0.0	-0.0	-0.0	-0.0
MADS_box_Average_20	-0.0	-0.0	-0.0	-0.0	2.66419871859	-0.0	-0.0	-0.0	-0.0	-0.0	-0.0	-0.0	-0.0
MADS_box_M3822_1.01	-0.0	-0.0	-0.0	-0.0	-0.0	0.00392371082657	-0.0	-0.0	-0.0	-0.0	-0.0	-0.0	-0.0
MADS_box_M1200_1.01	0.0560453082722	-0.0	-0.0	-0.0	-0.0	-0.0	-0.0	-0.0	-0.0	-0.0	-0.0	-0.0	-0.0
MBD_Average_1	-0.0	-0.0	-0.0	-0.0	-0.0	-0.0	0.595574607122	-0.0	-0.0	-0.0	-0.0	-0.0	0.578241442198
MBD_M1203_1.01	-0.0	-0.0	-0.0	-0.0	-0.0	-0.0	-0.0	-0.0	-0.0	-0.0	-0.0	-0.0	-0.0
Myb_SANT_M1793_1.01	-0.0	-0.0	-0.0	1.10216705256	1.74695031009	4.41902708616	-0.0	-0.0	-0.0	-0.0	-0.0	3.78236884866	-0.0
Myb_SANT_M2938_1.01	-0.0	-0.0	-0.0	-0.0	0.822683189023	0.761013540108	-0.0	-0.0	-0.0	-0.0	-0.0	-0.0	-0.0
Myb_SANT_Average_10	-0.0	-0.0	-0.0	-0.0	-0.0	0.273049807208	-0.0	-0.0	-0.0	-0.0	-0.0	-0.0	-0.0
Myb_SANT_Average_6	-0.0	-0.0	-0.0	0.500827974492	-0.0	2.26328373021	-0.0	-0.0	-0.0	-0.0	-0.0	-0.0	-0.0
Myb_SANT_Average_2	-0.0	-0.0	-0.0	-0.0	-0.0	4.8979390122	-0.0	-0.0	-0.0	-0.0	-0.0	-0.0	-0.0
Myb_SANT_Average_5	-0.0	-0.0	-0.0	0.871876577671	-0.0	0.802691995674	-0.0	-0.0	-0.0	-0.0	-0.0	-0.0	-0.0
Myb_SANT_M6168_1.01	-0.0	-0.0	-0.0	-0.0	-0.0	-0.0	-0.0	-0.0	-0.0	-0.0	-0.0	-0.0	-0.0
Myb_SANT_Average_9	-0.0	-0.0	-0.0	-0.0	-0.0	1.70109974922	-0.0	0.886784756158	-0.0	-0.0	-0.0	-0.0	-0.0
Myb_SANT_M1260_1.01	-0.0	-0.0	-0.0	-0.0	1.22296183123	-0.0	-0.0	-0.0	-0.0	-0.0	-0.0	-0.0	-0.0
Myb_SANT_Average_3	-0.0	-0.0	0.498872718705	0.0742128905743	-0.0	-0.0	-0.0	-0.0	-0.0	-0.0	-0.0	-0.0	-0.0
Myb_SANT_M1261_1.01	-0.0	-0.0	-0.0	-0.0	-0.0	-0.0	1.79563360214	-0.0	-0.0	-0.0	-0.0	-0.0	-0.0
Myb_SANT_M1262_1.01	-0.0	-0.0	-0.0	-0.0	-0.0	-0.0	-0.0	0.577095498446	3.49961742304	0.57406005092	-0.0	-0.0	-0.0
Myb_SANT_M4397_1.01	-0.0	-0.0	-0.0	-0.0	-0.0	-0.0	-0.0	-0.0	-0.0	-0.0	-0.0	0.540064054044	-0.0
Myb_SANT_Average_7	-0.0	-0.0	-0.0	-0.0	-0.0	-0.0	5.82614718711	-0.0	-0.0	-0.0	-0.0	-0.0	-0.0
Ndt80_PhoG_M1320_1.01	-0.0	-0.0	-0.0	-0.0	-0.0	-0.0	-0.0	-0.0	-0.0	-0.0	-0.0	-0.0	-0.0
Ndt80_PhoG_M1321_1.01	-0.0	-0.0	-0.0	-0.0	-0.0	-0.0	-0.0	-0.0	0.0961854541429	-0.0	-0.0	-0.0	-0.0
Nuclear_receptor_Average_172	-0.0	-0.0	-0.0	-0.0	-0.0	-0.0	-0.0	-0.0	-0.0	0.126840143055	-0.0	-0.0	-0.0
Nuclear_receptor_Average_73	-0.0	-0.0	0.331671676627	-0.0	-0.0	-0.0	-0.0	-0.0	-0.0	-0.0	-0.0	-0.0	-0.0
Nuclear_receptor_M2830_1.01	-0.0	-0.0	-0.0	-0.0	-0.0	-0.0	1.82270585632	-0.0	-0.0	-0.0	-0.0	0.213588896791	-0.0
Nuclear_receptor_Average_167	-0.0	-0.0	-0.0	-0.0	-0.0	-0.0	0.833247072442	-0.0	-0.0	-0.0	-0.0	-0.0	-0.0
Nuclear_receptor_M5758_1.01	-0.0	-0.0	-0.0	-0.0	-0.0	0.563613180087	-0.0	-0.0	-0.0	-0.0	0.00557216256588	-0.0	1.05223551501
Nuclear_receptor_M5757_1.01	-0.0	-0.0	-0.0	0.0778062211954	-0.0	-0.0	-0.0	-0.0	-0.0	-0.0	-0.0	-0.0	-0.0
Nuclear_receptor_Average_174	-0.0	-0.0	-0.0	-0.0	-0.0	-0.0	4.7339640669	-0.0	-0.0	-0.0	-0.0	-0.0	-0.0
Nuclear_receptor_M6265_1.01	-0.0	-0.0	1.06855120135	-0.0	-0.0	-0.0	2.42545812396	-0.0	-0.0	-0.0	0.576406980009	-0.0	-0.0
Nuclear_receptor_Average_151	-0.0	-0.0	-0.0	-0.0	-0.0	-0.0	-0.0	0.28281411844	2.56498177857	3.17316577413	-0.0	-0.0	-0.0
Nuclear_receptor_Average_63	0.191681246036	-0.0	-0.0	-0.0	-0.0	-0.0	-0.0	-0.0	-0.0	-0.0	-0.0	-0.0	-0.0
Nuclear_receptor_Average_175	-0.0	-0.0	-0.0	-0.0	-0.0	-0.0	1.05601762248	-0.0	-0.0	-0.0	-0.0	-0.0	-0.0
Nuclear_receptor_Average_154	-0.0	-0.0	-0.0	-0.0	-0.0	0.297598654599	-0.0	-0.0	-0.0	-0.0	-0.0	-0.0	-0.0
Nuclear_receptor_Average_144	-0.0	-0.0	0.0719422542327	-0.0	-0.0	-0.0	2.94119818337	-0.0	-0.0	1.93122376756	-0.0	-0.0	-0.0
Nuclear_receptor_M6263_1.01	-0.0	-0.0	-0.0	-0.0	-0.0	-0.0	2.06682605062	-0.0	0.562978129913	-0.0	-0.0	-0.0	-0.0
Nuclear_receptor_M5504_1.01	-0.0	-0.0	-0.0	-0.0	-0.0	-0.0	-0.0	-0.0	-0.0	-0.0	-0.0	-0.0	-0.0
Nuclear_receptor_M6203_1.01	-0.0	-0.0	-0.0	-0.0	-0.0	-0.0	1.35563027718	-0.0	-0.0	1.16786863944	3.18922500364	-0.0	0.0754608962102
Nuclear_receptor_Average_176	-0.0	-0.0	0.227683873796	-0.0	-0.0	-0.0	1.23932589229	-0.0	-0.0	-0.0	-0.0	-0.0	-0.0
Nuclear_receptor_Average_168	-0.0	-0.0	-0.0	-0.0	-0.0	-0.0	3.55673558997	-0.0	-0.0	0.972775389938	-0.0	-0.0	-0.0
Nuclear_receptor_M1341_1.01	-0.0	-0.0	0.606421466716	-0.0	-0.0	-0.0	0.42634053101	-0.0	-0.0	-0.0	-0.0	-0.0	-0.0
Nuclear_receptor_Average_170	-0.0	-0.0	-0.0	-0.0	-0.0	-0.0	1.18883058767	-0.0	-0.0	-0.0	-0.0	-0.0	-0.0
Nuclear_receptor_M6210_1.01	-0.0	-0.0	-0.0	-0.0	0.228699464434	-0.0	-0.0	-0.0	-0.0	-0.0	0.812590610381	-0.0	-0.0
Nuclear_receptor_M6202_1.01	-0.0	-0.0	-0.0	-0.0	-0.0	-0.0	-0.0	-0.0	-0.0	-0.0	-0.0	-0.0	-0.0
Nuclear_receptor_Average_85	-0.0	-0.0	-0.0	-0.0	-0.0	-0.0	-0.0	-0.0	-0.0	-0.0	-0.0	-0.0	-0.0
Nuclear_receptor_Average_171	-0.0	-0.0	-0.0	-0.0	-0.0	-0.0	-0.0	-0.0	-0.0	-0.0	-0.0	0.0715596080561	-0.0
Nuclear_receptor_M1354_1.01	-0.0	-0.0	-0.0	-0.0	1.36501769223	-0.0	-0.0	0.466698797803	-0.0	-0.0	-0.0	0.2440344075	-0.0
Nuclear_receptor_M1331_1.01	-0.0	-0.0	-0.0	-0.0	-0.0	-0.0	-0.0	0.307911790705	-0.0	-0.0	-0.0	-0.0	-0.0
Nuclear_receptor_Average_157	-0.0	-0.0	-0.0	-0.0	-0.0	-0.0	-0.0	-0.0	-0.0	-0.0	-0.0	-0.0	-0.0
Nuclear_receptor_M6157_1.01	-0.0	-0.0	-0.0	-0.0	-0.0	-0.0	-0.0	2.4536133051	-0.0	-0.0	-0.0	-0.0	-0.0
Nuclear_receptor_Average_58	-0.0	-0.0	-0.0	-0.0	-0.0	-0.0	0.065668769286	-0.0	-0.0	-0.0	-0.0	-0.0	-0.0
Nuclear_receptor_M6352_1.01	-0.0	-0.0	-0.0	-0.0	-0.0	-0.0	1.78595993367	-0.0	-0.0	0.488461946184	-0.0	-0.0	-0.0
Nuclear_receptor_Average_62	-0.0	-0.0	-0.0	-0.0	-0.0	-0.0	-0.0	-0.0	-0.0	-0.0	0.46201285467	-0.0	-0.0
Nuclear_receptor_Average_20	-0.0	-0.0	-0.0	-0.0	-0.0	-0.0	1.09325492475	1.43314062919	2.97327164292	0.492244502877	-0.0	-0.0	-0.0
Nuclear_receptor_M1843_1.01	-0.0	-0.0	-0.0	-0.0	-0.0	-0.0	-0.0	-0.0	-0.0	-0.0	-0.0	-0.0	-0.0
p53_M5923_1.01	-0.0	-0.0	-0.0	-0.0	-0.0	-0.0	-0.0	-0.0	-0.0	-0.0	-0.0	-0.0	-0.0
p53_M5922_1.01	-0.0	-0.0	-0.0	-0.0	-0.0	0.535127234414	-0.0	-0.0	-0.0	0.191717909173	0.127799339885	-0.0	-0.0
p53_Average_10	-0.0	-0.0	-0.0	-0.0	-0.0	0.920046280544	-0.0	-0.0	-0.0	-0.0	-0.0	-0.0	0.716042719588
p53_Average_8	-0.0	-0.0	-0.0	-0.0	-0.0	-0.0	-0.0	-0.0	-0.0	-0.0	-0.0	-0.0	-0.0
p53_M3568_1.01	-0.0	-0.0	-0.0	-0.0	-0.0	-0.0	-0.0	-0.0	-0.0	-0.0	-0.0	-0.0	0.0370304232628
Paired_box_Average_7	-0.0	-0.0	-0.0	-0.0	-0.0	-0.0	-0.0	-0.0	-0.0	-0.0	5.78498699187	8.31335446029	-0.0
Paired_box_Average_6	-0.0	-0.0	-0.0	-0.0	-0.0	-0.0	-0.0	-0.0	-0.0	-0.0	3.62514867699	6.12942872309	-0.0
Paired_box_M3591_1.01	-0.0	-0.0	-0.0	-0.0	-0.0	-0.0	1.96221541263	-0.0	-0.0	-0.0	-0.0	-0.0	-0.0
Paired_box_M3590_1.01	-0.0	-0.0	-0.0	-0.0	-0.0	-0.0	-0.0	-0.0	-0.0	-0.0	-0.0	3.05693471514	0.11679721632
Paired_box_M6230_1.01	-0.0	-0.0	-0.0	-0.0	-0.0	-0.0	-0.0	-0.0	-0.0	-0.0	1.31727256918	3.01362346138	-0.0
Paired_box_M6228_1.01	-0.0	-0.0	-0.0	-0.0	-0.0	-0.0	-0.0	-0.0	-0.0	-0.0	-0.0	-0.0	-0.0
Pipsqueak_Average_1	-0.0	-0.0	-0.0	-0.0	-0.0	-0.0	-0.0	-0.0	-0.0	-0.0	-0.0	-0.0	-0.0
Pipsqueak_M1386_1.01	-0.0	-0.0	-0.0	-0.0	3.02482145743	-0.0	-0.0	0.804441771917	-0.0	-0.0	3.18958005091	-0.0	-0.0
Prospero_M5572_1.01	-0.0	-0.0	-0.0	-0.0	-0.0	-0.0	-0.0	-0.0	-0.0	-0.0	-0.0	-0.0	-0.0
Rel_Average_30	-0.0	0.0314802095922	-0.0	-0.0	-0.0	0.234226207176	-0.0	0.733396699594	-0.0	-0.0	-0.0	-0.0	-0.0
Rel_M6180_1.01	-0.0	0.176326794007	-0.0	-0.0	-0.0	-0.0	-0.0	-0.0	-0.0	-0.0	-0.0	-0.0	-0.0
Rel_Average_32	2.71086845467	9.21424013785	-0.0	-0.0	-0.0	2.03741778869	-0.0	-0.0	-0.0	-0.0	-0.0	-0.0	-0.0
Rel_Average_27	-0.0	-0.0	-0.0	-0.0	-0.0	0.0745144489568	-0.0	-0.0	-0.0	-0.0	-0.0	-0.0	-0.0
Rel_M5475_1.01	-0.0	1.45045503171	-0.0	-0.0	-0.0	-0.0	-0.0	0.468266410325	-0.0	-0.0	-0.0	-0.0	-0.0
Rel_Average_28	-0.0	-0.0	-0.0	-0.0	-0.0	-0.0	-0.0	-0.0	-0.0	-0.0	6.25362484396	-0.0	-0.0
Rel_M6189_1.01	-0.0	-0.0	-0.0	-0.0	-0.0	-0.0	-0.0	-0.0	-0.0	-0.0	2.05998794889	-0.0	-0.0
Rel_Average_25	-0.0	-0.0	-0.0	-0.0	-0.0	-0.0	-0.0	-0.0	-0.0	-0.0	5.49932498531	-0.0	-0.0
Rel_M5957_1.01	-0.0	-0.0	-0.0	-0.0	0.26741413771	-0.0	-0.0	-0.0	-0.0	-0.0	-0.0	-0.0	-0.0
Rel_M5476_1.01	0.962900947839	1.72229366596	-0.0	-0.0	-0.0	-0.0	-0.0	-0.0	-0.0	-0.0	-0.0	0.117323442194	-0.0
Rel_M5477_1.01	-0.0	2.26066261289	-0.0	-0.0	-0.0	-0.0	-0.0	-0.0	-0.0	-0.0	-0.0	-0.0	-0.0
RFX_Average_30	-0.0	-0.0	-0.0	-0.0	0.72073673978	-0.0	-0.0	-0.0	-0.0	-0.0	-0.0	-0.0	-0.0
RFX_Average_29	0.638815081975	-0.0	-0.0	-0.0	0.243135231476	-0.0	-0.0	0.12224598393	-0.0	-0.0	-0.0	-0.0	-0.0
RFX_Average_9	-0.0	-0.0	0.396237439041	-0.0	-0.0	-0.0	-0.0	-0.0	-0.0	-0.0	-0.0	-0.0	-0.0
Runt_Average_10	-0.0	0.230728507268	5.8016307277	-0.0	3.3956255496	-0.0	-0.0	-0.0	1.78239641997	4.93619645543	-0.0	-0.0	-0.0
Runt_Average_9	-0.0	-0.0	4.30719412229	3.29802411545	1.98258832409	-0.0	-0.0	1.81489301563	1.23914022522	5.57034626036	-0.0	-0.0	-0.0
Runt_Average_1	-0.0	-0.0	1.40508554453	1.4404035872	-0.0	-0.0	-0.0	-0.0	3.35168522813	5.9532109208	-0.0	-0.0	-0.0
SAND_Average_9	-0.0	-0.0	-0.0	-0.0	-0.0	-0.0	-0.0	-0.0	-0.0	-0.0	-0.0	-0.0	-0.0
SAND_M1432_1.01	-0.0	-0.0	-0.0	-0.0	-0.0	0.0980212413036	1.94638102792	0.14352004459	-0.0	-0.0	-0.0	-0.0	-0.0
SAND_Average_6	-0.0	-0.0	-0.0	-0.0	-0.0	-0.0	1.78927314643	3.03013641381	-0.0	-0.0	1.70370648932	-0.0	-0.0
SAND_M1429_1.01	-0.0	-0.0	-0.0	-0.0	-0.0	0.144014824693	0.00342814213822	-0.0	-0.0	-0.0	-0.0	3.07821296593	-0.0
SAND_Average_8	-0.0	-0.0	-0.0	-0.0	-0.0	-0.0	-0.0	-0.0	-0.0	-0.0	-0.0	-0.0	-0.0
SAND_M5959_1.01	-0.0	-0.0	-0.0	-0.0	-0.0	-0.0	-0.0	-0.0	-0.0	-0.0	-0.0	-0.0	-0.0
SAND_M5314_1.01	-0.0	-0.0	-0.0	-0.0	-0.0	-0.0	-0.0	1.49429396778	4.66221927347	1.3059252032	-0.0	-0.0	-0.0
SAND_M5313_1.01	-0.0	-0.0	-0.0	-0.0	-0.0	-0.0	-0.0	-0.0	-0.0	-0.0	1.34466364071	-0.0	-0.0
SMAD_M6283_1.01	-0.0	-0.0	1.05508444171	-0.0	-0.0	-0.0	-0.0	-0.0	-0.0	-0.0	-0.0	-0.0	2.4473214714
SMAD_M1450_1.01	-0.0	-0.0	0.202785696592	-0.0	-0.0	1.42660351894	-0.0	-0.0	-0.0	-0.0	-0.0	-0.0	-0.0
SMAD_Average_5	-0.0	-0.0	0.0858408881399	-0.0	-0.0	1.939895457	-0.0	-0.0	-0.0	-0.0	-0.0	-0.0	-0.0
SMAD_M6282_1.01	-0.0	-0.0	-0.0	-0.0	-0.0	-0.0	-0.0	-0.0	-0.0	-0.0	-0.0	-0.0	2.13626070855
SMAD_Average_7	1.70569726445	0.876547164855	-0.0	-0.0	-0.0	1.91949235027	-0.0	-0.0	-0.0	-0.0	-0.0	-0.0	0.948250202691
SMAD_Average_3	4.3403288662	0.760912101816	-0.0	-0.0	-0.0	2.01017511156	-0.0	-0.0	-0.0	-0.0	-0.0	0.694104401443	2.74753862425
SMAD_M5627_1.01	-0.0	-0.0	-0.0	-0.0	-0.0	1.76611307426	-0.0	-0.0	-0.0	0.146700967581	0.110520082642	-0.0	-0.0
Sox_Average_54	-0.0	-0.0	-0.0	-0.0	-0.0	-0.0	-0.0	0.826485228948	-0.0	-0.0	-0.0	-0.0	-0.0
Sox_M6292_1.01	-0.0	-0.0	-0.0	-0.0	-0.0	0.00392371082657	0.254846104351	-0.0	-0.0	1.0236754464	-0.0	-0.0	-0.0
Sox_Average_55	-0.0	-0.0	-0.0	-0.0	-0.0	-0.0	-0.0	-0.0	-0.0	-0.0	1.00887031564	-0.0	-0.0
Sox_M5909_1.01	-0.0	-0.0	-0.0	-0.0	-0.0	-0.0	-0.0	-0.0	-0.0	-0.0	-0.0	-0.0	-0.0
Sox_Average_96	0.11106266053	-0.0	-0.0	-0.0	-0.0	-0.0	-0.0	-0.0	-0.0	-0.0	-0.0	-0.0	-0.0
Sox_Average_46	-0.0	-0.0	-0.0	-0.0	-0.0	-0.0	-0.0	-0.0	-0.0	0.558445206706	-0.0	-0.0	-0.0
Sox_Average_97	-0.0	-0.0	-0.0	-0.0	-0.0	-0.0	-0.0	10.7506815586	5.071730566	-0.0	-0.0	0.206837086069	-0.0
Sox_Average_48	-0.0	-0.0	-0.0	-0.0	-0.0	-0.0	-0.0	11.2966618916	6.33400318751	-0.0	-0.0	0.397522645618	-0.0
Sox_M6295_1.01	-0.0	0.83800336232	0.95162603558	-0.0	0.317494302844	-0.0	-0.0	-0.0	-0.0	-0.0	-0.0	-0.0	-0.0
Sox_Average_95	-0.0	-0.0	-0.0	-0.0	-0.0	-0.0	-0.0	-0.0	-0.0	-0.0	-0.0	-0.0	-0.0
Sox_Average_94	-0.0	-0.0	-0.0	0.301077730402	-0.0	-0.0	-0.0	-0.0	-0.0	-0.0	-0.0	-0.0	-0.0
Sox_M1469_1.01	-0.0	-0.0	-0.0	-0.0	-0.0	-0.0	-0.0	0.292425987629	-0.0	-0.0	-0.0	-0.0	-0.0
Sox_Average_76	-0.0	0.19792630527	-0.0	-0.0	-0.0	-0.0	-0.0	-0.0	-0.0	-0.0	-0.0	-0.0	-0.0
Sox_Average_91	-0.0	-0.0	-0.0	-0.0	-0.0	-0.0	-0.0	-0.0	-0.0	-0.0	-0.0	-0.0	-0.0
Sox_M6309_1.01	-0.0	-0.0	-0.0	-0.0	-0.0	0.997153686097	-0.0	1.44865894133	0.127687754128	-0.0	-0.0	-0.0	-0.0
Sox_Average_82	-0.0	-0.0	-0.0	-0.0	-0.0	0.471944222007	-0.0	-0.0	-0.0	-0.0	-0.0	-0.0	-0.0
Sox_M6293_1.01	-0.0	-0.0	-0.0	-0.0	-0.0	-0.0	-0.0	1.01549171774	-0.0	-0.0	-0.0	-0.0	-0.0
Sox_M1459_1.01	1.19131957766	0.834325003205	-0.0	-0.0	-0.0	-0.0	-0.0	-0.0	-0.0	-0.0	-0.0	-0.0	-0.0
Sox_Average_66	-0.0	-0.0	-0.0	-0.0	-0.0	-0.0	-0.0	-0.0	-0.0	-0.0	-0.0	-0.0	-0.0
Sox_M3831_1.01	-0.0	-0.0	-0.0	-0.0	-0.0	-0.0	-0.0	-0.0	-0.0	-0.0	-0.0	-0.0	-0.0
Sox_Average_92	-0.0	-0.0	-0.0	-0.0	-0.0	-0.0	-0.0	-0.0	-0.0	-0.0	-0.0	-0.0	-0.0
Sox_M1457_1.01	-0.0	0.71355461317	-0.0	-0.0	-0.0	-0.0	-0.0	-0.0	-0.0	-0.0	-0.0	-0.0	-0.0
Sox_M1458_1.01	0.320308669943	-0.0	-0.0	-0.0	-0.0	-0.0	0.174921267479	-0.0	-0.0	-0.0	-0.0	-0.0	-0.0
STAT_Average_23	2.11029997045	-0.0	-0.0	-0.0	-0.0	-0.0	-0.0	-0.0	-0.0	-0.0	-0.0	-0.0	-0.0
STAT_M3856_1.01	-0.0	-0.0	-0.0	-0.0	-0.0	-0.0	-0.0	-0.0	-0.0	-0.0	-0.0	-0.0	-0.0
STAT_Average_16	-0.0	-0.0	-0.0	-0.0	-0.0	-0.0	-0.0	-0.0	-0.0	-0.0	-0.0	-0.0	-0.0
STAT_Average_22	-0.0	-0.0	-0.0	-0.0	0.143279704535	-0.0	-0.0	-0.0	-0.0	-0.0	-0.0	-0.0	-0.0
STAT_M3845_1.01	-0.0	-0.0	-0.0	-0.0	0.902163684612	-0.0	0.437231727273	-0.0	-0.0	-0.0	-0.0	-0.0	-0.0
STAT_Average_12	-0.0	-0.0	-0.0	-0.0	5.25706374692	-0.0	-0.0	-0.0	-0.0	-0.0	6.32964656943	-0.0	-0.0
T-box_M6030_1.01	-0.0	-0.0	-0.0	-0.0	-0.0	-0.0	-0.0	-0.0	-0.0	-0.0	-0.0	-0.0	-0.0
T-box_M5954_1.01	-0.0	-0.0	-0.0	-0.0	-0.0	-0.0	-0.0	-0.0	-0.0	-0.0	-0.0	1.14297358062	-0.0
T-box_Average_29	-0.0	-0.0	-0.0	-0.0	-0.0	-0.0	-0.0	-0.0	3.19925521062	3.86367102667	-0.0	-0.0	-0.0
T-box_M1713_1.01	-0.0	-0.0	1.01183553699	-0.0	-0.0	-0.0	-0.0	-0.0	3.93052307014	7.29391656684	0.21988061077	-0.0	-0.0
T-box_M6322_1.01	-0.0	-0.0	-0.0	-0.0	-0.0	-0.0	-0.0	-0.0	2.14327322537	2.1130980105	-0.0	-0.0	-0.0
T-box_Average_1	-0.0	-0.0	-0.0	-0.0	-0.0	-0.0	-0.0	-0.0	3.51132938368	4.74986348992	-0.0	-0.0	-0.0
T-box_M5216_1.01	-0.0	-0.0	-0.0	-0.0	-0.0	-0.0	-0.0	-0.0	2.35059357992	7.52700185275	0.151836333116	-0.0	0.793803465653
T-box_Average_8	-0.0	-0.0	-0.0	-0.0	-0.0	-0.0	-0.0	-0.0	0.80157790368	5.8861782557	-0.0	-0.0	-0.0
T-box_Average_30	-0.0	-0.0	-0.0	-0.0	-0.0	-0.0	-0.0	-0.0	5.79636435648	5.75324633685	0.850095498273	-0.0	-0.0
T-box_Average_31	-0.0	-0.0	-0.0	-0.0	-0.0	-0.0	-0.0	-0.0	0.359819403539	5.80531967281	-0.0	-0.0	-0.0
T-box_Average_26	-0.0	-0.0	-0.0	-0.0	-0.0	-0.0	-0.0	0.00902216053395	1.85483951984	6.04941790409	-0.0	-0.0	-0.0
T-box_M6323_1.01	-0.0	-0.0	-0.0	0.728696943846	-0.0	-0.0	-0.0	0.617709935415	-0.0	0.676110266107	-0.0	-0.0	-0.0
T-box_Average_23	-0.0	-0.0	-0.0	-0.0	-0.0	-0.0	-0.0	-0.0	-0.0	2.73168906791	-0.0	-0.0	-0.0
T-box_M5698_1.01	-0.0	-0.0	-0.0	-0.0	-0.0	-0.0	-0.0	-0.0	1.32529915205	6.23873751597	2.83354819604	-0.0	-0.0
T-box_M5694_1.01	-0.0	-0.0	-0.0	-0.0	-0.0	-0.0	-0.0	-0.0	-0.0	4.40765621708	-0.0	-0.0	-0.0
T-box_Average_6	-0.0	-0.0	-0.0	-0.0	-0.0	-0.0	-0.0	-0.0	2.55186477636	8.33260875809	-0.0	-0.0	-0.0
TBP_Average_1	0.214317110087	-0.0	-0.0	-0.0	-0.0	-0.0	-0.0	-0.0	-0.0	-0.0	-0.0	-0.0	-0.0
TBP_M3884_1.01	2.30131154955	-0.0	-0.0	0.447876078603	-0.0	-0.0	-0.0	-0.0	-0.0	-0.0	-0.0	-0.0	-0.0
TBP_M3881_1.01	1.23478938864	-0.0	-0.0	-0.0	-0.0	-0.0	-0.0	-0.0	-0.0	-0.0	-0.0	-0.0	-0.0
TBP_M1511_1.01	-0.0	-0.0	-0.0	-0.0	-0.0	-0.0	-0.0	-0.0	-0.0	-0.0	-0.0	-0.0	-0.0
TEA_Average_5	0.679027767788	-0.0	-0.0	-0.0	-0.0	2.46610453754	-0.0	-0.0	-0.0	-0.0	-0.0	-0.0	-0.0
TEA_Average_1	-0.0	0.992847625546	-0.0	-0.0	-0.0	-0.0	-0.0	-0.0	-0.0	-0.0	-0.0	-0.0	-0.0
TEA_M6327_1.01	-0.0	-0.0	-0.0	-0.0	-0.0	-0.0	-0.0	-0.0	-0.0	-0.0	-0.0	-0.0	-0.0
TEA_M6328_1.01	-0.0	-0.0	-0.0	-0.0	-0.0	-0.0	-0.0	-0.0	0.408902776787	-0.0	-0.0	0.2413504791	-0.0
THAP_finger_M2259_1.01	-0.0	-0.0	-0.0	-0.0	-0.0	-0.0	-0.0	-0.0	-0.0	-0.0	-0.0	-0.0	0.662033137842
THAP_finger_M4506_1.01	-0.0	-0.0	-0.0	-0.0	-0.0	-0.0	-0.0	-0.0	-0.0	-0.0	-0.0	-0.0	0.454139863126
THAP_finger_M1539_1.01	-0.0	-0.0	1.42651058222	-0.0	-0.0	-0.0	-0.0	-0.0	-0.0	-0.0	-0.0	-0.0	2.72048045885
THAP_finger_M1538_1.01	-0.0	-0.0	0.0186238770336	-0.0	1.24680771977	0.143167089728	-0.0	-0.0	-0.0	-0.0	-0.0	-0.0	-0.0
THAP_finger_M1541_1.01	-0.0	-0.0	-0.0	-0.0	-0.0	-0.0	1.67341399053	-0.0	-0.0	-0.0	-0.0	6.12457395082	0.983324799871
Unknown_M5777_1.01	-0.0	-0.0	-0.0	1.18518407675	0.858563622396	-0.0	0.176779543079	-0.0	-0.0	-0.0	-0.0	-0.0	-0.0
Unknown_M3394_1.01	-0.0	-0.0	-0.0	-0.0	-0.0	-0.0	-0.0	-0.0	-0.0	-0.0	-0.0	1.21625403545	-0.0
Unknown_M3812_1.01	-0.0	-0.0	-0.0	-0.0	-0.0	-0.0	-0.0	-0.0	-0.0	-0.0	-0.0	0.38261450821	0.33761813656
Unknown_M6261_1.01	-0.0	-0.0	0.749757719036	-0.0	0.36573096779	-0.0	2.45643914627	-0.0	-0.0	-0.0	-0.0	-0.0	0.769852146053
Unknown_M3565_1.01	-0.0	-0.0	-0.0	-0.0	0.151947567252	-0.0	1.0626335284	-0.0	-0.0	-0.0	-0.0	-0.0	-0.0
Unknown_M6375_1.01	-0.0	-0.0	0.602075039193	-0.0	2.22095428491	-0.0	-0.0	-0.0	-0.0	-0.0	-0.0	0.513741653155	-0.0
Unknown_M6200_1.01	-0.0	-0.0	-0.0	-0.0	-0.0	-0.0	-0.0	-0.0	-0.0	-0.0	-0.0	-0.0	-0.0
Unknown_M1803_1.01	-0.0	-0.0	-0.0	-0.0	0.0761527882719	-0.0	-0.0	-0.0	-0.0	-0.0	-0.0	-0.0	-0.0
Unknown_M6305_1.01	-0.0	-0.0	0.62950877325	-0.0	-0.0	-0.0	-0.0	-0.0	-0.0	-0.0	-0.0	-0.0	-0.0
Unknown_M6097_1.01	0.0183346952427	-0.0	-0.0	-0.0	-0.0	-0.0	-0.0	-0.0	-0.0	-0.0	-0.0	-0.0	-0.0
Unknown_M3387_1.01	-0.0	-0.0	-0.0	8.90139576803	-0.0	9.25362430917	-0.0	-0.0	-0.0	-0.0	-0.0	-0.0	11.3270179639
Unknown_M1801_1.01	-0.0	-0.0	-0.0	-0.0	-0.0	3.27554221196	-0.0	-0.0	-0.0	-0.0	-0.0	-0.0	-0.0
Unknown_M3386_1.01	-0.0	-0.0	6.22483956077	-0.0	-0.0	-0.0	-0.0	-0.0	-0.0	-0.0	4.14017519696	8.38817830348	2.45401261021
Unknown_M6029_1.01	-0.0	-0.0	1.81053509324	-0.0	-0.0	-0.0	-0.0	-0.0	1.14570596841	0.893241844325	-0.0	-0.0	-0.0
Unknown_Average_6	-0.0	-0.0	-0.0	-0.0	-0.0	-0.0	-0.0	0.770465453718	0.133116705141	0.702783008342	-0.0	0.0382099023046	-0.0
Unknown_M5141_1.01	0.0133783344026	0.297520453401	-0.0	-0.0	-0.0	-0.0	-0.0	-0.0	-0.0	-0.0	-0.0	-0.0	-0.0
Unknown_M6235_1.01	-0.0	-0.0	1.64876145802	0.69794811136	0.562272072884	0.0996807660644	-0.0	-0.0	2.51836850303	2.98091994115	-0.0	-0.0	-0.0
Unknown_M6070_1.01	-0.0	-0.0	-0.0	-0.0	-0.0	-0.0	-0.0	-0.0	-0.0	-0.0	-0.0	-0.0	-0.0
Unknown_Average_4	-0.0	-0.0	-0.0	-0.0	-0.0	-0.0	-0.0	-0.0	-0.0	-0.0	-0.0	-0.0	-0.0
Unknown_Average_5	-0.0	-0.0	-0.0	-0.0	-0.0	-0.0	1.33909731618	-0.0	-0.0	-0.0	-0.0	-0.0	1.36723648219
