	MPP	CMP	GMP	MEP	Monocytes	Erythroblast	CD4	CD8	Bcell	Nkcell
AP-2_Average_26	-0.0	0.0231860644174	-0.0	-0.0	-0.0	-0.0	-0.0	-0.0	-0.0	-0.0
AP-2_Average_17	-0.0	-0.0	-0.0	-0.0	-0.0	-0.0	-0.0	-0.0	-0.0	-0.0
AP-2_Average_27	-0.0	-0.0	-0.0	-0.0	-0.0	-0.0	-0.0	-0.0	-0.0	-0.0
AP-2_Average_15	-0.0	-0.0	-0.0	-0.0	-0.0	-0.0	-0.0	-0.0	-0.0	-0.0
AP-2_M5965_1.01	-0.0	0.829939071025	-0.0	-0.0	-0.0	-0.0	-0.0	-0.0	-0.0	-0.0
ARID_BRIGHT_Average_1	-0.0	-0.0	-0.0	-0.0	-0.0	-0.0	0.475912675455	-0.0	-0.0	-0.0
ARID_BRIGHT_M0104_1.01	-0.0	-0.0	-0.0	-0.0	-0.0	0.373770141771	-0.0	-0.0	-0.0	-0.0
ARID_BRIGHT_Average_3	-0.0	-0.0	-0.0	0.307842434407	-0.0	-0.0	1.23302353871	-0.0	-0.0	-0.0
ARID_BRIGHT_M5966_1.01	-0.0	-0.0	-0.0	-0.0	-0.0	-0.0	-0.0	-0.0	2.00101476389	-0.0
ARID_BRIGHT_Average_4	-0.0	-0.0	-0.0	-0.0	-0.0	-0.0	-0.0	-0.0	-0.0	-0.0
ARID_BRIGHT_M0108_1.01	-0.0	-0.0	-0.0	-0.0	-0.0	1.35111947097	-0.0	-0.0	-0.0	-0.0
ARID_BRIGHT_Average_2	-0.0	-0.0	-0.0	-0.0	-0.0	-0.0	-0.0	-0.0	-0.0	-0.0
AT_hook_M6098_1.01	-0.0	-0.0	-0.0	-0.0	-0.0	-0.0	-0.0	-0.0	-0.0	-0.0
AT_hook_M0127_1.01	-0.0	-0.0	-0.0	-0.0	-0.0	-0.0	-0.0	-0.0	-0.0	-0.0
AT_hook_M0131_1.01	-0.0	-0.0	-0.0	-0.0	-0.0	-0.0	-0.0	-0.0	-0.0	-0.0
AT_hook_M0133_1.01	-0.0	-0.0	-0.0	-0.0	-0.0	2.05831311053	-0.0	-0.0	-0.0	-0.0
AT_hook_M6099_1.01	-0.0	-0.0	-0.0	-0.0	-0.0	0.12482651577	-0.0	-0.0	-0.0	-0.0
AT_hook_Average_2	-0.0	-0.0	-0.0	-0.0	-0.0	-0.0	-0.0	-0.0	-0.0	-0.0
AT_hook_M0128_1.01	-0.0	-0.0	-0.0	-0.0	-0.0	-0.0	-0.0	-0.0	-0.0	-0.0
AT_hook_Average_1	-0.0	-0.0	-0.0	-0.0	-0.0	-0.0	-0.0	-0.0	-0.0	-0.0
bHLH_bZIP_Average_10	0.0777282562161	-0.0	-0.0	-0.0	-0.0	-0.0	-0.0	-0.0	-0.0	-0.0
bHLH_bZIP_M5432_1.01	1.42531775358	-0.0	-0.0	-0.0	-0.0	-0.0	-0.0	-0.0	-0.0	1.77411753109
bHLH_Average_165	2.10313696519	-0.0	-0.0	-0.0	-0.0	-0.0	-0.0	-0.0	-0.0	-0.0
bHLH_M2134_1.01	7.06145675446	-0.0	-0.0	1.76867745623	-0.0	-0.0	-0.0	-0.0	-0.0	-0.0
bHLH_Average_151	3.7653620942	-0.0	-0.0	-0.0	-0.0	-0.0	-0.0	-0.0	-0.0	-0.0
bHLH_M6260_1.01	0.674053848607	-0.0	-0.0	0.259715140829	-0.0	-0.0	-0.0	-0.0	-0.0	-0.0
bHLH_Average_27	1.28811187601	-0.0	-0.0	-0.0	-0.0	-0.0	-0.0	-0.0	-0.0	-0.0
bHLH_M5981_1.01	-0.0	-0.0	-0.0	-0.0	-0.0	-0.0	-0.0	-0.0	-0.0	-0.0
bHLH_Average_154	-0.0	-0.0	-0.0	-0.0	-0.0	0.64379188071	-0.0	-0.0	-0.0	-0.0
bHLH_Average_164	-0.0	-0.0	-0.0	-0.0	-0.0	-0.0	-0.0	-0.0	-0.0	-0.0
bHLH_Average_148	0.202687225992	-0.0	-0.0	-0.0	-0.0	-0.0	-0.0	-0.0	-0.0	-0.0
bHLH_Average_160	-0.0	-0.0	-0.0	-0.0	-0.0	-0.0	-0.0	-0.0	-0.0	-0.0
bHLH_M5980_1.01	-0.0	-0.0	-0.0	-0.0	-0.0	-0.0	-0.0	-0.0	-0.0	-0.0
bHLH_M0177_1.01	-0.0	-0.0	-0.0	-0.0	-0.0	-0.0	-0.0	-0.0	-0.0	-0.0
bHLH_Average_145	0.576676598211	-0.0	-0.0	-0.0	-0.0	-0.0	-0.0	-0.0	-0.0	-0.0
bHLH_Average_140	-0.0	-0.0	-0.0	-0.0	-0.0	-0.0	-0.0	-0.0	-0.0	-0.0
bHLH_M0210_1.01	-0.0	-0.0	-0.0	-0.0	-0.0	-0.0	-0.0	1.66877294317	-0.0	-0.0
bHLH_M6165_1.01	1.00543400845	-0.0	-0.0	-0.0	-0.0	-0.0	-0.0	-0.0	-0.0	-0.0
bHLH_M6031_1.01	-0.0	-0.0	-0.0	-0.0	-0.0	6.64021253935	-0.0	-0.0	-0.0	-0.0
bHLH_M0187_1.01	-0.0	-0.0	-0.0	-0.0	0.60094083738	-0.0	-0.0	-0.0	-0.0	-0.0
bHLH_M2787_1.01	0.440794182027	-0.0	-0.0	-0.0	-0.0	-0.0	-0.0	-0.0	-0.0	-0.0
bHLH_Average_139	-0.0	-0.0	-0.0	-0.0	-0.0	-0.0	-0.0	-0.0	-0.0	1.25250018549
bHLH_Average_115	-0.0	-0.0	-0.0	-0.0	-0.0	-0.0	-0.0	-0.0	-0.0	1.42523711641
bHLH_Average_117	-0.0	-0.0	-0.0	-0.0	-0.0	-0.0	-0.0	-0.0	-0.0	-0.0
bHLH_M5969_1.01	-0.0	-0.0	-0.0	-0.0	-0.0	-0.0	1.51193804727	-0.0	-0.0	-0.0
bHLH_M6087_1.01	0.142615826742	0.882207229169	-0.0	2.65492320703	-0.0	-0.0	-0.0	-0.0	-0.0	-0.0
bHLH_Average_143	-0.0	-0.0	-0.0	-0.0	-0.0	0.809883361663	-0.0	-0.0	7.878524238	-0.0
bHLH_T-box_M5447_1.01	-0.0	-0.0	-0.0	-0.0	-0.0	-0.0	-0.0	-0.0	-0.0	10.0222214667
bHLH_T-box_M5448_1.01	-0.0	-0.0	-0.0	-0.0	-0.0	-0.0	-0.0	-0.0	-0.0	3.87382948898
bHLH_T-box_M5449_1.01	-0.0	-0.0	-0.0	-0.0	-0.0	-0.0	-0.0	-0.0	-0.0	2.85927662364
bZIP_M3883_1.01	-0.0	-0.0	-0.0	-0.0	2.95169233832	-0.0	-0.0	0.570002262198	-0.0	-0.0
bZIP_M3882_1.01	0.237939362341	-0.0	-0.0	-0.0	-0.0	-0.0	-0.0	-0.0	-0.0	-0.0
bZIP_Average_149	-0.0	-0.0	-0.0	-0.0	4.43581619565	-0.0	3.08626248872	-0.0	-0.0	2.22888151656
bZIP_Average_67	-0.0	-0.0	10.1444779987	-0.0	9.97627893993	-0.0	-0.0	-0.0	-0.0	-0.0
bZIP_Average_146	-0.0	-0.0	-0.0	-0.0	6.87961942662	-0.0	-0.0	-0.0	-0.0	2.08258222223
bZIP_Average_117	-0.0	-0.0	-0.0	-0.0	2.6585059367	-0.0	-0.0	-0.0	-0.0	0.408527305593
bZIP_M4371_1.01	-0.0	-0.0	-0.0	-0.0	1.19355373801	-0.0	-0.0	-0.0	-0.0	-0.0
bZIP_M6050_1.01	-0.0	-0.0	-0.0	-0.0	1.32008619941	-0.0	0.689056145914	-0.0	-0.0	-0.0
bZIP_Average_154	-0.0	-0.0	-0.0	-0.0	-0.0	-0.0	-0.0	-0.0	-0.0	-0.0
bZIP_M6149_1.01	-0.0	-0.0	-0.0	-0.0	-0.0	-0.0	-0.0	-0.0	-0.0	-0.0
bZIP_Average_148	-0.0	2.96535550984	-0.0	-0.0	7.80047910983	-0.0	-0.0	-0.0	-0.0	-0.0
bZIP_Average_145	-0.0	-0.0	7.30284049016	-0.0	3.95914516994	-0.0	-0.0	-0.0	-0.0	-0.0
bZIP_M0309_1.01	-0.0	-0.0	3.71970535905	-0.0	2.56818713327	-0.0	-0.0	-0.0	-0.0	-0.0
bZIP_Average_153	-0.0	1.2812478823	13.9724402333	-0.0	9.84619517732	-0.0	-0.0	-0.0	-0.0	-0.0
bZIP_M2910_1.01	-0.0	-0.0	9.43832736507	-0.0	6.59398357676	-0.0	-0.0	-0.0	-0.0	-0.0
bZIP_Average_141	-0.0	-0.0	5.78713989991	-0.0	3.02717005779	-0.0	-0.0	-0.0	-0.0	-0.0
bZIP_M6006_1.01	-0.0	-0.0	5.01846122241	-0.0	0.165215557104	-0.0	-0.0	-0.0	-0.0	-0.0
bZIP_Average_143	-0.0	-0.0	-0.0	-0.0	3.18783657118	-0.0	0.970970142242	-0.0	-0.0	-0.0
bZIP_Average_142	-0.0	-0.0	-0.0	-0.0	3.69549489777	-0.0	-0.0	-0.0	-0.0	0.295201169966
bZIP_M0300_1.01	-0.0	-0.0	-0.0	-0.0	-0.0	-0.0	0.874598383142	-0.0	-0.0	-0.0
bZIP_Average_150	-0.0	-0.0	-0.0	-0.0	2.80109743523	-0.0	1.7155710566	-0.0	-0.0	0.118115142088
bZIP_M5866_1.01	-0.0	-0.0	-0.0	-0.0	0.145413609179	-0.0	0.295110686424	-0.0	-0.0	-0.0
bZIP_Average_134	-0.0	-0.0	-0.0	-0.0	2.00716468183	-0.0	-0.0	-0.0	-0.0	-0.0
bZIP_M0304_1.01	-0.0	-0.0	0.627813102184	-0.0	4.58549502711	-0.0	-0.0	-0.0	-0.0	0.370216635265
bZIP_Average_147	-0.0	-0.0	-0.0	-0.0	-0.0	-0.0	-0.0	-0.0	-0.0	-0.0
bZIP_M0305_1.01	-0.0	-0.0	-0.0	-0.0	0.579343353978	-0.0	-0.0	-0.0	-0.0	-0.0
bZIP_M0287_1.01	-0.0	-0.0	-0.0	-0.0	2.90133706267	-0.0	-0.0	-0.0	-0.0	-0.0
bZIP_Average_152	-0.0	-0.0	-0.0	-0.0	-0.0	-0.0	-0.0	-0.0	-0.0	-0.0
bZIP_Average_151	-0.0	-0.0	-0.0	-0.0	-0.0	-0.0	-0.0	-0.0	-0.0	-0.0
bZIP_M2901_1.01	-0.0	-0.0	1.29557345912	-0.0	-0.0	-0.0	-0.0	-0.0	-0.0	-0.0
bZIP_M6329_1.01	-0.0	-0.0	0.248531242963	-0.0	1.28503576697	0.979106688511	-0.0	-0.0	-0.0	-0.0
bZIP_M5973_1.01	-0.0	-0.0	0.368653989964	-0.0	-0.0	-0.0	-0.0	-0.0	-0.0	-0.0
bZIP_Average_17	1.35351976031	-0.0	-0.0	-0.0	-0.0	-0.0	-0.0	-0.0	-0.0	-0.0
C2H2_ZF_M4354_1.01	-0.0	-0.0	-0.0	-0.0	-0.0	1.93266346146	-0.0	-0.0	-0.0	-0.0
C2H2_ZF_M5841_1.01	0.0746892110025	-0.0	-0.0	-0.0	-0.0	-0.0	-0.0	-0.0	-0.0	-0.0
C2H2_ZF_Average_96	-0.0	-0.0	-0.0	-0.0	-0.0	-0.0	-0.0	-0.0	0.598012084567	-0.0
C2H2_ZF_M4323_1.01	3.49889444422	2.689365502	4.22544319732	-0.0	-0.0	-0.0	-0.0	-0.0	5.34427733285	-0.0
C2H2_ZF_Average_187	-0.0	-0.0	-0.0	-0.0	1.98322611084	1.17395257218	-0.0	-0.0	-0.0	-0.0
C2H2_ZF_M0407_1.01	-0.0	-0.0	-0.0	-0.0	-0.0	1.21078753702	1.29820222616	1.80977912988	-0.0	-0.0
C2H2_ZF_M5334_1.01	-0.0	-0.0	-0.0	-0.0	-0.0	1.67950893727	-0.0	-0.0	-0.0	-0.0
C2H2_ZF_M5333_1.01	0.963956196571	-0.0	-0.0	-0.0	-0.0	2.67510285747	-0.0	-0.0	-0.0	-0.0
C2H2_ZF_M5778_1.01	-0.0	-0.0	-0.0	-0.0	-0.0	-0.0	-0.0	-0.0	-0.0	-0.0
C2H2_ZF_M5799_1.01	-0.0	-0.0	-0.0	-0.0	-0.0	0.102559270763	0.426740227685	3.44764708048	-0.0	-0.0
C2H2_ZF_M6360_1.01	0.140238901445	-0.0	1.13099575777	-0.0	-0.0	-0.0	-0.0	-0.0	-0.0	-0.0
C2H2_ZF_M5793_1.01	-0.0	-0.0	-0.0	-0.0	-0.0	0.973429400515	-0.0	2.08117641832	-0.0	-0.0
C2H2_ZF_M5794_1.01	-0.0	-0.0	-0.0	-0.0	-0.0	0.0292521563479	-0.0	-0.0	-0.0	-0.0
C2H2_ZF_M5930_1.01	-0.0	0.131417668396	-0.0	-0.0	-0.0	-0.0	-0.0	-0.0	-0.0	-0.0
C2H2_ZF_Average_167	-0.0	-0.0	-0.0	0.215904056159	-0.0	-0.0	-0.0	-0.0	-0.0	-0.0
C2H2_ZF_Average_137	-0.0	0.314319026429	-0.0	-0.0	-0.0	-0.0	-0.0	-0.0	-0.0	-0.0
C2H2_ZF_M0392_1.01	-0.0	-0.0	0.409476659756	-0.0	-0.0	-0.0	-0.0	-0.0	-0.0	-0.0
C2H2_ZF_M5791_1.01	-0.0	1.2271880904	-0.0	-0.0	-0.0	-0.0	-0.0	1.24227905936	-0.0	-0.0
C2H2_ZF_Average_191	-0.0	0.935184310977	-0.0	1.30178378825	-0.0	-0.0	-0.0	-0.0	-0.0	-0.0
C2H2_ZF_Average_177	-0.0	-0.0	-0.0	1.22596838657	-0.0	-0.0	-0.0	-0.0	-0.0	-0.0
C2H2_ZF_M0393_1.01	-0.0	-0.0	-0.0	-0.0	-0.0	-0.0	-0.0	-0.0	-0.0	-0.0
C2H2_ZF_M5798_1.01	-0.0	-0.0	-0.0	-0.0	-0.0	-0.0	-0.0	1.1593096102	-0.0	1.53484190818
C2H2_ZF_M5789_1.01	-0.0	1.01577567899	-0.0	-0.0	1.69019923071	-0.0	-0.0	-0.0	-0.0	-0.0
C2H2_ZF_Average_185	-0.0	5.94449413054	1.09203520119	-0.0	-0.0	-0.0	-0.0	-0.0	-0.0	-0.0
C2H2_ZF_Average_181	-0.0	4.45507057585	5.85650038575	-0.0	-0.0	0.115364405621	-0.0	-0.0	-0.0	-0.0
C2H2_ZF_M6093_1.01	0.0660439741637	-0.0	-0.0	-0.0	-0.0	-0.0	-0.0	-0.0	-0.0	-0.0
C2H2_ZF_M6364_1.01	-0.0	-0.0	1.36043513718	-0.0	-0.0	-0.0	-0.0	0.147161870953	-0.0	-0.0
C2H2_ZF_M0402_1.01	-0.0	-0.0	-0.0	-0.0	-0.0	-0.0	0.558361985403	-0.0	0.510334516361	-0.0
C2H2_ZF_M0360_1.01	-0.0	-0.0	-0.0	-0.0	-0.0	-0.0	-0.0	-0.0	2.48668746206	-0.0
C2H2_ZF_Average_202	-0.0	-0.0	-0.0	-0.0	-0.0	0.215670355508	-0.0	-0.0	-0.0	-0.0
C2H2_ZF_Average_184	-0.0	-0.0	-0.0	-0.0	-0.0	-0.0	-0.0	-0.0	0.105982051323	-0.0
C2H2_ZF_M0367_1.01	-0.0	0.529077208948	-0.0	-0.0	2.29457116581	-0.0	-0.0	-0.0	0.142427570023	-0.0
C2H2_ZF_M1820_1.01	-0.0	-0.0	-0.0	-0.0	-0.0	-0.0	-0.0	-0.0	-0.0	-0.0
C2H2_ZF_Average_156	-0.0	-0.0	0.0654622248271	-0.0	-0.0	-0.0	-0.0	-0.0	-0.0	0.150527838524
C2H2_ZF_M0376_1.01	-0.0	-0.0	-0.0	-0.0	-0.0	-0.0	-0.0	-0.0	-0.0	-0.0
C2H2_ZF_M6145_1.01	-0.0	-0.0	-0.0	-0.0	-0.0	-0.0	-0.0	-0.0	-0.0	1.03539492849
C2H2_ZF_M5800_1.01	-0.0	-0.0	-0.0	-0.0	-0.0	1.7271443037	-0.0	-0.0	-0.0	-0.0
C2H2_ZF_M0401_1.01	-0.0	-0.0	-0.0	-0.0	-0.0	4.35171396227	1.11696085678	-0.0	-0.0	-0.0
C2H2_ZF_M0395_1.01	-0.0	-0.0	-0.0	-0.0	-0.0	7.15194204858	1.69093042163	-0.0	-0.0	-0.0
C2H2_ZF_Average_122	-0.0	-0.0	-0.0	-0.0	-0.0	-0.0	1.72801016122	-0.0	-0.0	-0.0
C2H2_ZF_M6372_1.01	-0.0	0.439146639956	-0.0	-0.0	-0.0	-0.0	-0.0	-0.0	-0.0	-0.0
C2H2_ZF_M6358_1.01	-0.0	-0.0	-0.0	-0.0	-0.0	-0.0	-0.0	-0.0	-0.0	-0.0
C2H2_ZF_Average_221	-0.0	-0.0	-0.0	0.920316491807	1.69536999231	0.0669247646864	2.72417362077	-0.0	-0.0	0.253615300143
C2H2_ZF_M6142_1.01	-0.0	-0.0	-0.0	-0.0	0.0780538300144	1.84556409225	-0.0	2.12886983378	-0.0	-0.0
C2H2_ZF_M6144_1.01	-0.0	-0.0	-0.0	-0.0	-0.0	-0.0	-0.0	-0.0	-0.0	-0.0
C2H2_ZF_Average_180	-0.0	-0.0	-0.0	-0.0	-0.0	1.93449297224	4.12657055651	0.242127638451	-0.0	-0.0
C2H2_ZF_M6019_1.01	-0.0	-0.0	-0.0	-0.0	-0.0	3.654062704	0.773965173214	-0.0	-0.0	-0.0
C2H2_ZF_Average_216	-0.0	-0.0	-0.0	-0.0	-0.0	3.33468886328	-0.0	1.16717363211	-0.0	-0.0
C2H2_ZF_M0382_1.01	-0.0	-0.0	-0.0	-0.0	0.254653982739	3.31580705329	0.000413019281046	-0.0	-0.0	-0.0
C2H2_ZF_M6302_1.01	-0.0	-0.0	-0.0	-0.0	-0.0	1.07257752811	-0.0	-0.0	-0.0	-0.0
C2H2_ZF_Average_204	-0.0	1.33198644146	-0.0	-0.0	-0.0	-0.0	-0.0	2.40979826322	-0.0	0.538013114389
C2H2_ZF_M5308_1.01	-0.0	3.4892290379	-0.0	-0.0	-0.0	-0.0	-0.0	2.8479958058	-0.0	2.89786296035
C2H2_ZF_Average_207	-0.0	-0.0	-0.0	-0.0	-0.0	-0.0	-0.0	-0.0	-0.0	0.775918140043
C2H2_ZF_Average_141	-0.0	-0.0	-0.0	-0.0	-0.0	0.981896713739	-0.0	0.174895908763	-0.0	-0.0
C2H2_ZF_Average_123	-0.0	-0.0	-0.0	-0.0	-0.0	-0.0	-0.0	2.90957946719	-0.0	-0.0
C2H2_ZF_Average_205	-0.0	-0.0	0.345697897057	-0.0	-0.0	0.694641016172	-0.0	1.81921150984	-0.0	-0.0
C2H2_ZF_M6240_1.01	-0.0	-0.0	-0.0	-0.0	-0.0	-0.0	-0.0	-0.0	-0.0	-0.0
C2H2_ZF_Average_210	-0.0	-0.0	-0.0	-0.0	-0.0	-0.0	-0.0	-0.0	-0.0	-0.0
C2H2_ZF_Average_219	-0.0	-0.0	-0.0	-0.0	-0.0	-0.0	-0.0	-0.0	-0.0	-0.0
C2H2_ZF_Average_211	-0.0	-0.0	-0.0	-0.0	-0.0	-0.0	-0.0	-0.0	-0.0	-0.0
C2H2_ZF_M6241_1.01	-0.0	-0.0	-0.0	-0.0	-0.0	-0.0	-0.0	-0.0	-0.0	-0.0
C2H2_ZF_M4510_1.01	-0.0	-0.0	-0.0	-0.0	-0.0	3.17855360477	-0.0	-0.0	-0.0	-0.0
C2H2_ZF_Average_179	-0.0	1.67195074865	-0.0	-0.0	0.0970020606327	-0.0	-0.0	-0.0	-0.0	-0.0
C2H2_ZF_M6239_1.01	-0.0	1.18321869869	-0.0	-0.0	-0.0	-0.0	-0.0	-0.0	-0.0	-0.0
C2H2_ZF_M6020_1.01	-0.0	-0.0	-0.0	-0.0	-0.0	-0.0	-0.0	-0.0	-0.0	-0.0
C2H2_ZF_M6155_1.01	-0.0	0.690864863766	-0.0	-0.0	-0.0	-0.0	-0.0	-0.0	-0.0	-0.0
C2H2_ZF_M6140_1.01	0.178944030867	-0.0	-0.0	-0.0	-0.0	-0.0	-0.0	0.81569529452	-0.0	-0.0
C2H2_ZF_Average_222	-0.0	-0.0	-0.0	-0.0	-0.0	-0.0	-0.0	-0.0	-0.0	-0.0
C2H2_ZF_Average_172	-0.0	-0.0	-0.0	-0.0	-0.0	-0.0	-0.0	-0.0	-0.0	-0.0
C2H2_ZF_M6357_1.01	-0.0	-0.0	-0.0	-0.0	-0.0	-0.0	-0.0	-0.0	-0.0	-0.0
C2H2_ZF_M0369_1.01	-0.0	-0.0	-0.0	-0.0	-0.0	-0.0	-0.0	-0.0	-0.0	-0.0
C2H2_ZF_M6378_1.01	-0.0	-0.0	-0.0	-0.0	-0.0	-0.0	-0.0	-0.0	-0.0	-0.0
C2H2_ZF_Average_206	-0.0	-0.0	-0.0	-0.0	-0.0	4.07477636953	-0.0	5.4606574571	-0.0	-0.0
C2H2_ZF_Average_166	-0.0	-0.0	-0.0	-0.0	-0.0	-0.0	-0.0	0.641424339557	-0.0	-0.0
C2H2_ZF_M6359_1.01	-0.0	-0.0	-0.0	-0.0	-0.0	-0.0	-0.0	0.764680039457	-0.0	1.06159404405
C2H2_ZF_M0366_1.01	-0.0	-0.0	-0.0	-0.0	-0.0	-0.0	-0.0	-0.0	-0.0	-0.0
C2H2_ZF_M0397_1.01	-0.0	-0.0	-0.0	-0.0	-0.0	-0.0	0.448582840479	-0.0	-0.0	-0.0
C2H2_ZF_Average_200	-0.0	-0.0	0.770868093609	-0.0	-0.0	-0.0	2.50203040464	3.35447374242	-0.0	-0.0
C2H2_ZF_Average_124	-0.0	-0.0	-0.0	-0.0	-0.0	-0.0	-0.0	-0.0	-0.0	-0.0
C2H2_ZF_Average_217	-0.0	-0.0	-0.0	-0.0	-0.0	-0.0	-0.0	-0.0	-0.0	-0.0
C2H2_ZF_M1842_1.01	-0.0	-0.0	0.315381724344	-0.0	-0.0	-0.0	-0.0	-0.0	-0.0	-0.0
C2H2_ZF_Average_194	-0.0	-0.0	-0.0	-0.0	0.584336202165	0.463506752635	-0.0	-0.0	-0.0	-0.0
C2H2_ZF_M5776_1.01	-0.0	-0.0	-0.0	-0.0	0.389114005181	-0.0	-0.0	-0.0	-0.0	-0.0
C2H2_ZF_Average_209	-0.0	-0.0	-0.0	-0.0	-0.0	0.400315120788	-0.0	-0.0	-0.0	-0.0
C2H2_ZF_M3979_1.01	-0.0	-0.0	-0.0	-0.0	-0.0	-0.0	-0.0	-0.0	-0.0	-0.0
C2H2_ZF_Average_83	-0.0	-0.0	-0.0	-0.0	-0.0	-0.0	-0.0	-0.0	-0.0	-0.0
C2H2_ZF_M4502_1.01	-0.0	0.0805016463692	-0.0	-0.0	-0.0	-0.0	-0.0	-0.0	-0.0	0.54597514893
C2H2_ZF_Average_190	-0.0	-0.0	-0.0	0.301147848396	-0.0	-0.0	-0.0	-0.0	-0.0	-0.0
C2H2_ZF_M4475_1.01	-0.0	-0.0	-0.0	-0.0	-0.0	-0.0	-0.0	-0.0	1.91692166862	0.281634631565
C2H2_ZF_Average_154	-0.0	0.309410721609	-0.0	-0.0	-0.0	-0.0	-0.0	-0.0	-0.0	-0.0
C2H2_ZF_M4537_1.01	0.6787224192	-0.0	-0.0	-0.0	-0.0	-0.0	-0.0	-0.0	-0.0	0.982713511439
C2H2_ZF_Average_188	9.08199086482	-0.0	-0.0	-0.0	-0.0	-0.0	-0.0	-0.0	-0.0	-0.0
C2H2_ZF_Average_82	4.5704324925	-0.0	-0.0	-0.0	-0.0	-0.0	-0.0	-0.0	-0.0	-0.0
C2H2_ZF_Average_77	7.53496156934	-0.0	-0.0	-0.0	-0.0	-0.0	-0.0	-0.0	-0.0	-0.0
C2H2_ZF_M5792_1.01	-0.0	-0.0	-0.0	1.63065998972	-0.0	-0.0	0.136879006713	-0.0	-0.0	-0.0
C2H2_ZF_M5569_1.01	1.27463858304	-0.0	0.190611018998	-0.0	-0.0	-0.0	-0.0	-0.0	-0.0	-0.0
C2H2_ZF_M5122_1.01	-0.0	-0.0	-0.0	-0.0	-0.0	-0.0	-0.0	-0.0	-0.0	-0.0
C2H2_ZF_M5795_1.01	-0.0	-0.0	-0.0	-0.0	-0.0	-0.0	-0.0	-0.0	-0.0	-0.0
C2H2_ZF_M2193_1.01	-0.0	-0.0	-0.0	-0.0	-0.0	4.86430714168	-0.0	-0.0	-0.0	-0.0
C2H2_ZF_M6139_1.01	-0.0	0.674632955139	-0.0	-0.0	-0.0	-0.0	0.448582840479	-0.0	-0.0	-0.0
C2H2_ZF_M6374_1.01	-0.0	-0.0	-0.0	-0.0	-0.0	-0.0	-0.0	-0.0	-0.0	-0.0
C2H2_ZF_M6376_1.01	-0.0	-0.0	-0.0	-0.0	-0.0	-0.0	-0.0	0.577787581883	-0.0	-0.0
C2H2_ZF_Average_174	-0.0	-0.0	-0.0	-0.0	-0.0	-0.0	1.08946811793	-0.0	0.649509844022	-0.0
C2H2_ZF_M6363_1.01	-0.0	-0.0	-0.0	-0.0	-0.0	-0.0	-0.0	-0.0	0.673770277792	-0.0
C2H2_ZF_M0364_1.01	-0.0	-0.0	-0.0	-0.0	-0.0	-0.0	-0.0	-0.0	-0.0	-0.0
C2H2_ZF_M0409_1.01	-0.0	-0.0	-0.0	-0.0	-0.0	-0.0	-0.0	-0.0	0.0339285566753	-0.0
C2H2_ZF_M0380_1.01	-0.0	-0.0	-0.0	-0.0	-0.0	0.904602539336	0.173367604347	-0.0	1.09318959566	-0.0
C2H2_ZF_M0406_1.01	-0.0	-0.0	-0.0	-0.0	-0.0	0.851584143747	-0.0	-0.0	-0.0	-0.0
C2H2_ZF_M0405_1.01	-0.0	-0.0	-0.0	-0.0	-0.0	-0.0	-0.0	-0.0	-0.0	-0.0
C2H2_ZF_Average_218	-0.0	-0.0	-0.0	-0.0	-0.0	-0.0	-0.0	-0.0	-0.0	-0.0
C2H2_ZF_M0404_1.01	-0.0	-0.0	-0.0	-0.0	0.252982427669	-0.0	-0.0	-0.0	-0.0	-0.0
C2H2_ZF_M5955_1.01	-0.0	-0.0	-0.0	-0.0	-0.0	3.21531550787	-0.0	-0.0	-0.0	-0.0
C2H2_ZF_M0384_1.01	-0.0	-0.0	0.265063204492	4.6394874307	-0.0	-0.0	-0.0	-0.0	-0.0	-0.0
C2H2_ZF_M6221_1.01	-0.0	-0.0	-0.0	-0.0	-0.0	-0.0	-0.0	-0.0	-0.0	-0.0
C2H2_ZF_M6016_1.01	-0.0	-0.0	-0.0	-0.0	4.31383757431	-0.0	0.568542913968	-0.0	-0.0	-0.0
C2H2_ZF_M2812_1.01	-0.0	-0.0	-0.0	-0.0	-0.0	-0.0	-0.0	-0.0	-0.0	0.299050133056
C2H2_ZF_M0411_1.01	-0.0	-0.0	-0.0	-0.0	-0.0	-0.0	-0.0	0.0799131213875	-0.0	1.79721483145
C2H2_ZF_M5790_1.01	-0.0	-0.0	-0.0	0.416330019895	-0.0	1.15808083492	-0.0	0.0840891160256	-0.0	-0.0
C2H2_ZF_Average_220	-0.0	-0.0	-0.0	6.99245404507	-0.0	-0.0	-0.0	-0.0	-0.0	-0.0
C2H2_ZF_M3098_1.01	-0.0	0.754169481558	-0.0	0.214250897745	-0.0	-0.0	0.372568801086	-0.0	-0.0	-0.0
C2H2_ZF_M5786_1.01	-0.0	-0.0	-0.0	1.01961795378	-0.0	-0.0	-0.0	-0.0	-0.0	-0.0
C2H2_ZF_Homeodomain_Average_6	7.70110633157	-0.0	-0.0	-0.0	-0.0	-0.0	0.286899944154	0.727132146151	-0.0	-0.0
C2H2_ZF_Homeodomain_M2825_1.01	3.49103038898	-0.0	-0.0	-0.0	-0.0	-0.0	-0.0	-0.0	-0.0	-0.0
CBF_NF-Y_Average_2	-0.0	-0.0	-0.0	-0.0	-0.0	-0.0	0.249425802967	-0.0	-0.0	-0.0
CENPB_M5139_1.01	-0.0	-0.0	-0.0	-0.0	-0.0	2.6416713125	-0.0	-0.0	-0.0	-0.0
CSD_M6356_1.01	-0.0	-0.0	-0.0	-0.0	-0.0	0.669010443496	-0.0	-0.0	-0.0	-0.0
CSL_M6318_1.01	-0.0	-0.0	-0.0	-0.0	-0.0	-0.0	-0.0	-0.0	-0.0	-0.0
CUT_Homeodomain_Average_10	-0.0	1.06870134179	0.509865833255	-0.0	-0.0	1.23746402547	-0.0	-0.0	-0.0	-0.0
CUT_Homeodomain_Average_6	-0.0	-0.0	-0.0	-0.0	-0.0	1.26401178837	-0.0	-0.0	-0.0	-0.0
CUT_Homeodomain_Average_5	-0.0	-0.0	-0.0	-0.0	-0.0	0.111518766926	0.114582531956	-0.0	-0.0	-0.0
CUT_Homeodomain_M5151_1.01	-0.0	-0.0	-0.0	-0.0	-0.0	-0.0	0.710054046636	-0.0	-0.0	-0.0
CUT_Homeodomain_Average_9	-0.0	-0.0	-0.0	-0.0	-0.0	-0.0	-0.0	-0.0	-0.0	-0.0
CUT_Homeodomain_M2889_1.01	-0.0	-0.0	-0.0	-0.0	-0.0	-0.0	-0.0	-0.0	-0.0	-0.0
CUT_Homeodomain_M2892_1.01	-0.0	-0.0	-0.0	-0.0	-0.0	-0.0	-0.0	-0.0	-0.0	-0.0
CxC_M0529_1.01	-0.0	-0.0	-0.0	-0.0	-0.0	-0.0	0.619875490334	-0.0	-0.0	-0.0
CxxC_Average_4	-0.0	-0.0	-0.0	-0.0	-0.0	-0.0	-0.0	-0.0	-0.0	-0.0
CxxC_Average_2	-0.0	-0.0	-0.0	-0.0	-0.0	-0.0	-0.0	-0.0	-0.0	-0.0
CxxC_Average_3	-0.0	-0.0	-0.0	-0.0	-0.0	-0.0	-0.0	-0.0	-0.0	-0.0
CxxC_M6004_1.01	-0.0	-0.0	-0.0	-0.0	-0.0	-0.0	-0.0	-0.0	-0.0	-0.0
CxxC_M0548_1.01	-0.0	-0.0	-0.0	-0.0	-0.0	7.77979027742	0.737964676182	-0.0	0.208656757062	-0.0
CxxC_M0547_1.01	-0.0	-0.0	-0.0	-0.0	-0.0	-0.0	-0.0	0.913173706073	-0.0	-0.0
DM_Average_5	-0.0	-0.0	-0.0	-0.0	-0.0	-0.0	-0.0	-0.0	-0.0	-0.0
DM_M0564_1.01	-0.0	-0.0	-0.0	-0.0	-0.0	-0.0	-0.0	-0.0	-0.0	-0.0
DM_Average_4	-0.0	-0.0	-0.0	-0.0	-0.0	-0.0	-0.0	-0.0	-0.0	-0.0
DM_Average_1	-0.0	-0.0	-0.0	-0.0	-0.0	-0.0	-0.0	-0.0	-0.0	-0.0
DP_E2F_M6334_1.01	-0.0	-0.0	-0.0	-0.0	-0.0	0.0235657809004	-0.0	-0.0	0.0962686372782	-0.0
E2F_Average_32	-0.0	-0.0	-0.0	-0.0	-0.0	0.194245684597	-0.0	-0.0	-0.0	-0.0
E2F_Average_24	-0.0	-0.0	0.421251185538	-0.0	-0.0	-0.0	-0.0	1.07125609512	-0.0	-0.0
E2F_Average_31	-0.0	-0.0	-0.0	-0.0	-0.0	3.1866041634	-0.0	-0.0	-0.0	-0.0
E2F_Average_28	-0.0	-0.0	-0.0	-0.0	-0.0	1.86896756599	-0.0	-0.0	-0.0	-0.0
E2F_Average_33	-0.0	-0.0	-0.0	-0.0	-0.0	-0.0	-0.0	-0.0	-0.0	-0.0
E2F_Average_27	-0.0	-0.0	-0.0	-0.0	-0.0	5.34635953743	-0.0	-0.0	-0.0	-0.0
EIN3_Average_2	-0.0	-0.0	0.515658201359	-0.0	0.0113354360233	-0.0	-0.0	-0.0	-0.0	-0.0
EIN3_Average_1	-0.0	-0.0	-0.0	-0.0	-0.0	2.54521555602	-0.0	-0.0	-0.0	-0.0
Ets_Average_110	-0.0	0.0235101386015	-0.0	-0.0	-0.0	-0.0	-0.0	-0.0	-0.0	-0.0
Ets_Average_70	-0.0	-0.0	-0.0	-0.0	-0.0	-0.0	2.26966864282	-0.0	-0.0	0.108601647859
Ets_M1778_1.01	-0.0	5.9039056963	0.437729520213	-0.0	6.63994110809	-0.0	-0.0	-0.0	-0.0	-0.0
Ets_Average_109	-0.0	3.33762728954	-0.0	-0.0	-0.0	-0.0	6.41058968998	2.08614649904	-0.0	2.73840909192
Ets_M6042_1.01	-0.0	-0.0	-0.0	-0.0	0.694524519327	-0.0	1.03486543903	-0.0	-0.0	0.317905433676
Ets_M6024_1.01	-0.0	0.807634768918	2.07057231556	-0.0	1.84026287122	-0.0	6.31499642218	0.773442372755	0.0310776840717	-0.0
Ets_Average_72	0.351364601378	0.989487087323	-0.0	-0.0	-0.0	-0.0	2.15583274946	-0.0	-0.0	-0.0
Ets_Average_100	-0.0	8.38997686707	7.98490881971	-0.0	9.31146610927	-0.0	-0.0	-0.0	6.79594466772	-0.0
Ets_M5244_1.01	-0.0	3.4617113755	-0.0	-0.0	4.77398554718	-0.0	-0.0	-0.0	2.44785119025	-0.0
Ets_M5201_1.01	-0.0	0.806234868672	-0.0	-0.0	1.46012216108	-0.0	-0.0	-0.0	-0.0	-0.0
Ets_Average_93	-0.0	0.0343441799588	-0.0	-0.0	-0.0	-0.0	-0.0	-0.0	-0.0	-0.0
Ets_Average_39	-0.0	-0.0	-0.0	-0.0	-0.0	-0.0	4.64632606254	-0.0	-0.0	-0.0
Ets_Average_53	-0.0	-0.0	-0.0	-0.0	-0.0	-0.0	-0.0	-0.0	0.576992760671	-0.0
Ets_Average_12	-0.0	-0.0	0.225097778897	-0.0	-0.0	3.49365368825	-0.0	-0.0	-0.0	-0.0
Ets_Average_34	-0.0	-0.0	-0.0	-0.0	-0.0	0.4798290829	-0.0	2.13436509765	-0.0	-0.0
Forkhead_Average_66	-0.0	-0.0	-0.0	-0.0	-0.0	-0.0	-0.0	-0.0	-0.0	-0.0
Forkhead_M5254_1.01	-0.0	-0.0	-0.0	-0.0	3.80401116883	-0.0	-0.0	-0.0	-0.0	-0.0
Forkhead_M0644_1.01	-0.0	-0.0	-0.0	-0.0	-0.0	-0.0	0.936116806597	0.570002262198	-0.0	-0.0
Forkhead_M6063_1.01	-0.0	-0.0	-0.0	-0.0	-0.0	0.872329290623	-0.0	-0.0	0.493022735319	-0.0
Forkhead_Average_104	-0.0	-0.0	-0.0	-0.0	-0.0	-0.0	-0.0	-0.0	-0.0	-0.0
Forkhead_Average_98	-0.0	-0.0	-0.0	-0.0	1.07493218171	-0.0	1.23479405268	1.75636522599	-0.0	-0.0
Forkhead_Average_101	-0.0	-0.0	-0.0	-0.0	-0.0	-0.0	-0.0	-0.0	-0.0	-0.0
Forkhead_Average_103	-0.0	-0.0	-0.0	-0.0	-0.0	-0.0	-0.0	0.378949694884	-0.0	-0.0
Forkhead_Average_14	-0.0	-0.0	-0.0	-0.0	-0.0	-0.0	-0.0	0.223197400454	-0.0	-0.0
Forkhead_M6055_1.01	-0.0	0.403966656515	-0.0	-0.0	-0.0	-0.0	-0.0	-0.0	-0.0	-0.0
Forkhead_Average_105	-0.0	-0.0	-0.0	-0.0	-0.0	-0.0	-0.0	-0.0	-0.0	-0.0
Forkhead_M3127_1.01	-0.0	-0.0	-0.0	-0.0	-0.0	-0.0	-0.0	-0.0	-0.0	-0.0
Forkhead_M6068_1.01	-0.0	-0.0	-0.0	-0.0	-0.0	-0.0	-0.0	-0.0	-0.0	-0.0
Forkhead_Average_20	-0.0	-0.0	-0.0	-0.0	-0.0	-0.0	-0.0	-0.0	-0.0	-0.0
Forkhead_M5271_1.01	-0.0	-0.0	-0.0	-0.0	-0.0	-0.0	-0.0	-0.0	-0.0	-0.0
Forkhead_Average_74	-0.0	-0.0	-0.0	-0.0	-0.0	-0.0	-0.0	0.389199041988	-0.0	-0.0
Forkhead_Average_1	-0.0	-0.0	-0.0	-0.0	-0.0	-0.0	-0.0	-0.0	-0.0	-0.0
Forkhead_M2151_1.01	-0.0	0.196549994647	0.514381418648	-0.0	-0.0	-0.0	-0.0	0.851920328965	-0.0	-0.0
Forkhead_M6059_1.01	-0.0	-0.0	-0.0	-0.0	-0.0	0.840913727676	2.26966864282	-0.0	-0.0	-0.0
Forkhead_M1734_1.01	-0.0	-0.0	-0.0	-0.0	-0.0	-0.0	-0.0	1.31390799098	-0.0	-0.0
Forkhead_M1735_1.01	-0.0	-0.0	-0.0	-0.0	-0.0	2.81853726108	-0.0	-0.0	-0.0	-0.0
Forkhead_Average_75	-0.0	-0.0	-0.0	-0.0	0.828350416884	-0.0	-0.0	-0.0	-0.0	-0.0
GATA_Average_32	-0.0	7.97887970856	-0.0	10.830123095	-0.0	-0.0	-0.0	-0.0	-0.0	-0.0
GATA_M3183_1.01	-0.0	0.609376931673	-0.0	1.37424255758	-0.0	-0.0	-0.0	-0.0	-0.0	-0.0
GATA_M3198_1.01	-0.0	-0.0	-0.0	3.42544532199	-0.0	-0.0	2.04575843181	0.258524792071	-0.0	-0.0
GATA_M4535_1.01	-0.0	-0.0	-0.0	5.12683164817	-0.0	-0.0	2.450126426	-0.0	-0.0	-0.0
GATA_Average_33	-0.0	-0.0	-0.0	-0.0	-0.0	-0.0	-0.0	-0.0	-0.0	-0.0
GATA_Average_30	-0.0	6.04462679605	-0.0	8.52018357269	-0.0	-0.0	-0.0	-0.0	-0.0	-0.0
GCM_Average_9	-0.0	-0.0	-0.0	-0.0	-0.0	-0.0	-0.0	-0.0	-0.0	-0.0
GCM_Average_8	-0.0	-0.0	-0.0	-0.0	-0.0	-0.0	-0.0	0.172388034708	-0.0	-0.0
GCM_M5304_1.01	2.28541385744	-0.0	-0.0	-0.0	-0.0	-0.0	-0.0	0.377346624549	-0.0	-0.0
Grainyhead_Average_6	1.64839826661	0.124733158807	-0.0	1.68003960895	-0.0	-0.0	-0.0	-0.0	-0.0	-0.0
Grainyhead_M6333_1.01	-0.0	-0.0	-0.0	2.14470680413	-0.0	-0.0	-0.0	-0.0	-0.0	0.781065187498
Grainyhead_M2949_1.01	-0.0	-0.0	-0.0	-0.0	0.470988763527	-0.0	-0.0	-0.0	-0.0	-0.0
Grainyhead_Average_4	1.38192329841	-0.0	-0.0	-0.0	-0.0	-0.0	-0.0	-0.0	-0.0	-0.0
Grainyhead_M5316_1.01	1.81539500466	-0.0	-0.0	0.347270974753	-0.0	-0.0	-0.0	-0.0	-0.0	-0.0
Grainyhead_M6348_1.01	-0.0	-0.0	-0.0	0.434091393836	-0.0	-0.0	-0.0	-0.0	-0.0	-0.0
Homeodomain_M2900_1.01	-0.0	-0.0	-0.0	-0.0	-0.0	-0.0	-0.0	-0.0	-0.0	-0.0
Homeodomain_M1766_1.01	-0.0	-0.0	0.349824541175	-0.0	-0.0	-0.0	-0.0	3.83044672767	-0.0	-0.0
Homeodomain_M3061_1.01	-0.0	-0.0	-0.0	-0.0	-0.0	-0.0	-0.0	-0.0	-0.0	-0.0
Homeodomain_M1729_1.01	-0.0	-0.0	-0.0	-0.0	-0.0	-0.0	-0.0	-0.0	-0.0	-0.0
Homeodomain_Average_371	-0.0	0.5853044985	4.21050811462	-0.0	-0.0	-0.0	-0.0	-0.0	-0.0	-0.0
Homeodomain_Average_43	-0.0	-0.0	-0.0	-0.0	-0.0	-0.0	0.56977525697	-0.0	-0.0	-0.0
Homeodomain_Average_132	-0.0	-0.0	-0.0	-0.0	-0.0	-0.0	-0.0	-0.0	-0.0	-0.0
Homeodomain_Average_385	-0.0	0.274364342765	0.867492271511	-0.0	-0.0	-0.0	-0.0	-0.0	-0.0	-0.0
Homeodomain_Average_280	-0.0	-0.0	-0.0	1.8722986462	-0.0	-0.0	-0.0	-0.0	-0.0	-0.0
Homeodomain_M2139_1.01	-0.0	-0.0	-0.0	0.460024354893	-0.0	-0.0	-0.0	-0.0	-0.0	-0.0
Homeodomain_Average_377	-0.0	0.279919482329	-0.0	1.32887681586	-0.0	-0.0	-0.0	-0.0	-0.0	-0.0
Homeodomain_M0858_1.01	-0.0	-0.0	-0.0	-0.0	-0.0	-0.0	-0.0	-0.0	-0.0	-0.0
Homeodomain_M5766_1.01	-0.0	-0.0	-0.0	-0.0	-0.0	-0.0	-0.0	-0.0	-0.0	-0.0
Homeodomain_M3510_1.01	-0.0	-0.0	-0.0	0.517221693807	-0.0	-0.0	-0.0	-0.0	-0.0	-0.0
Homeodomain_Average_389	-0.0	-0.0	0.243444497928	-0.0	-0.0	-0.0	-0.0	-0.0	-0.0	-0.0
Homeodomain_Average_395	-0.0	-0.0	0.329743232909	-0.0	-0.0	-0.0	-0.0	-0.0	-0.0	-0.0
Homeodomain_M5976_1.01	-0.0	-0.0	-0.0	-0.0	-0.0	-0.0	-0.0	-0.0	-0.0	-0.0
Homeodomain_Average_405	-0.0	-0.0	-0.0	-0.0	-0.0	-0.0	-0.0	-0.0	-0.0	-0.0
Homeodomain_Average_378	-0.0	-0.0	-0.0	-0.0	-0.0	-0.0	-0.0	-0.0	-0.0	-0.0
Homeodomain_Average_380	-0.0	-0.0	-0.0	-0.0	-0.0	-0.0	-0.0	-0.0	-0.0	-0.0
Homeodomain_Average_349	-0.0	-0.0	-0.0	-0.0	-0.0	-0.0	-0.0	-0.0	-0.0	-0.0
Homeodomain_Average_359	-0.0	-0.0	-0.0	-0.0	-0.0	-0.0	-0.0	-0.0	-0.0	-0.0
Homeodomain_Average_404	-0.0	-0.0	-0.0	-0.0	-0.0	-0.0	-0.0	-0.0	-0.0	-0.0
Homeodomain_Average_286	-0.0	2.76668647553	-0.0	4.64084966274	-0.0	-0.0	-0.0	-0.0	-0.0	-0.0
Homeodomain_Average_366	-0.0	-0.0	-0.0	-0.0	-0.0	-0.0	-0.0	-0.0	-0.0	-0.0
Homeodomain_Average_318	-0.0	-0.0	-0.0	-0.0	-0.0	-0.0	-0.0	-0.0	-0.0	-0.0
Homeodomain_Average_152	-0.0	-0.0	-0.0	-0.0	-0.0	-0.0	-0.0	-0.0	-0.0	-0.0
Homeodomain_M3446_1.01	-0.0	-0.0	-0.0	-0.0	-0.0	-0.0	-0.0	-0.0	-0.0	-0.0
Homeodomain_M3472_1.01	-0.0	-0.0	1.45662029889	-0.0	-0.0	-0.0	-0.0	-0.0	-0.0	0.923595783735
Homeodomain_M3303_1.01	-0.0	-0.0	-0.0	-0.0	2.14234840319	-0.0	-0.0	-0.0	-0.0	-0.0
Homeodomain_Average_261	-0.0	-0.0	-0.0	-0.0	-0.0	-0.0	-0.0	-0.0	-0.0	-0.0
Homeodomain_Average_41	-0.0	-0.0	1.28789764784	0.508785496984	-0.0	-0.0	-0.0	-0.0	-0.0	-0.0
Homeodomain_Average_314	-0.0	-0.0	1.13099575777	0.65863924864	-0.0	-0.0	-0.0	-0.0	-0.0	-0.0
Homeodomain_Average_34	-0.0	-0.0	-0.0	-0.0	-0.0	-0.0	-0.0	-0.0	-0.0	-0.0
Homeodomain_M6258_1.01	-0.0	-0.0	-0.0	2.0630975399	-0.0	-0.0	-0.0	-0.0	-0.0	-0.0
Homeodomain_M3298_1.01	-0.0	0.520941583595	2.77567159906	-0.0	-0.0	-0.0	-0.0	-0.0	-0.0	-0.0
Homeodomain_M5413_1.01	-0.0	-0.0	-0.0	-0.0	-0.0	-0.0	-0.0	-0.0	-0.0	-0.0
Homeodomain_Average_332	-0.0	-0.0	-0.0	1.42638401337	-0.0	-0.0	-0.0	-0.0	-0.0	-0.0
Homeodomain_Average_33	-0.0	-0.0	-0.0	0.86458802156	-0.0	-0.0	-0.0	-0.0	-0.0	-0.0
Homeodomain_M6257_1.01	-0.0	-0.0	-0.0	-0.0	-0.0	-0.0	0.130710904904	-0.0	-0.0	-0.0
Homeodomain_Average_186	-0.0	-0.0	-0.0	-0.0	0.00050255437817	-0.0	-0.0	-0.0	0.573533794386	-0.0
Homeodomain_M2172_1.01	-0.0	-0.0	-0.0	-0.0	-0.0	-0.0	-0.0	-0.0	0.10084209454	-0.0
Homeodomain_M6112_1.01	-0.0	-0.0	-0.0	-0.0	-0.0	-0.0	-0.0	-0.0	-0.0	-0.0
Homeodomain_Average_399	-0.0	0.133442558781	-0.0	-0.0	-0.0	-0.0	-0.0	-0.0	0.392256506761	-0.0
Homeodomain_M6238_1.01	-0.0	-0.0	-0.0	0.86458802156	-0.0	-0.0	-0.0	-0.0	-0.0	-0.0
Homeodomain_Average_305	-0.0	-0.0	-0.0	-0.0	0.330871690769	-0.0	-0.0	-0.0	0.0915853125839	-0.0
Homeodomain_Average_142	-0.0	-0.0	-0.0	-0.0	-0.0	1.84664178951	-0.0	-0.0	-0.0	-0.0
Homeodomain_M5445_1.01	-0.0	-0.0	-0.0	-0.0	-0.0	-0.0	-0.0	-0.0	-0.0	-0.0
Homeodomain_M2886_1.01	-0.0	-0.0	-0.0	-0.0	-0.0	-0.0	-0.0	-0.0	-0.0	-0.0
Homeodomain_Average_28	-0.0	-0.0	-0.0	0.918245415387	-0.0	-0.0	-0.0	-0.0	0.0590290297164	-0.0
Homeodomain_Average_268	-0.0	-0.0	-0.0	-0.0	-0.0	-0.0	0.616339058945	-0.0	-0.0	-0.0
Homeodomain_M0992_1.01	-0.0	-0.0	-0.0	-0.0	-0.0	-0.0	1.90652122179	5.08597966527	-0.0	-0.0
Homeodomain_M6123_1.01	-0.0	-0.0	-0.0	-0.0	-0.0	-0.0	-0.0	-0.0	-0.0	-0.0
Homeodomain_M6108_1.01	-0.0	-0.0	-0.0	-0.0	-0.0	-0.0	-0.0	-0.0	-0.0	-0.0
Homeodomain_Average_386	-0.0	-0.0	-0.0	-0.0	-0.0	-0.0	-0.0	-0.0	-0.0	-0.0
Homeodomain_Average_353	-0.0	-0.0	-0.0	-0.0	-0.0	-0.0	0.134271874011	0.193215724299	-0.0	-0.0
Homeodomain_Average_390	-0.0	-0.0	-0.0	-0.0	-0.0	-0.0	-0.0	-0.0	-0.0	-0.0
Homeodomain_M6121_1.01	-0.0	-0.0	-0.0	-0.0	-0.0	-0.0	-0.0	0.172388034708	-0.0	-0.0
Homeodomain_Average_238	-0.0	-0.0	-0.0	-0.0	-0.0	-0.0	-0.0	-0.0	-0.0	-0.0
Homeodomain_M5349_1.01	1.18200940657	-0.0	-0.0	-0.0	-0.0	-0.0	0.709255298818	-0.0	-0.0	-0.0
Homeodomain_M5767_1.01	-0.0	-0.0	-0.0	-0.0	-0.0	-0.0	-0.0	-0.0	-0.0	-0.0
Homeodomain_Average_355	-0.0	-0.0	-0.0	-0.0	-0.0	-0.0	-0.0	-0.0	-0.0	-0.0
Homeodomain_M6365_1.01	-0.0	-0.0	-0.0	-0.0	-0.0	-0.0	-0.0	-0.0	-0.0	-0.0
Homeodomain_M6120_1.01	-0.0	-0.0	-0.0	-0.0	-0.0	-0.0	0.158907651315	0.764680039457	-0.0	-0.0
Homeodomain_M0986_1.01	-0.0	-0.0	-0.0	-0.0	2.08208389051	-0.0	-0.0	-0.0	-0.0	-0.0
Homeodomain_M0985_1.01	-0.0	-0.0	-0.0	-0.0	-0.0	-0.0	-0.0	-0.0	-0.0	3.74807599046
Homeodomain_Average_101	-0.0	0.997585420667	-0.0	-0.0	-0.0	-0.0	-0.0	-0.0	0.19388196684	-0.0
Homeodomain_M6118_1.01	-0.0	0.329908068391	-0.0	0.249789276193	-0.0	-0.0	1.16137557425	-0.0	-0.0	-0.0
Homeodomain_M6196_1.01	-0.0	-0.0	-0.0	-0.0	-0.0	-0.0	2.07643468701	2.1054204515	-0.0	-0.0
Homeodomain_M6193_1.01	-0.0	-0.0	-0.0	0.188636689243	-0.0	-0.0	-0.0	-0.0	-0.0	-0.0
Homeodomain_Average_72	-0.0	-0.0	0.213420686779	-0.0	-0.0	-0.0	-0.0	-0.0	-0.0	-0.0
Homeodomain_Average_394	-0.0	-0.0	-0.0	-0.0	-0.0	-0.0	-0.0	-0.0	-0.0	-0.0
Homeodomain_Average_338	-0.0	-0.0	-0.0	-0.0	-0.0	-0.0	-0.0	-0.0	-0.0	0.000332405277638
Homeodomain_Average_289	-0.0	-0.0	-0.0	1.07213465793	-0.0	-0.0	-0.0	-0.0	-0.0	-0.0
Homeodomain_M6007_1.01	-0.0	-0.0	0.725660161179	-0.0	-0.0	-0.0	-0.0	-0.0	-0.0	-0.0
Homeodomain_M5336_1.01	-0.0	-0.0	-0.0	-0.0	-0.0	-0.0	-0.0	-0.0	-0.0	-0.0
Homeodomain_Average_383	-0.0	-0.0	-0.0	-0.0	-0.0	-0.0	-0.0	-0.0	-0.0	-0.0
Homeodomain_Average_351	-0.0	-0.0	-0.0	0.77635964333	-0.0	-0.0	-0.0	-0.0	-0.0	-0.0
Homeodomain_Average_402	-0.0	-0.0	-0.0	0.562094972926	-0.0	-0.0	-0.0	-0.0	-0.0	-0.0
Homeodomain_M0888_1.01	-0.0	-0.0	-0.0	0.773159891044	-0.0	-0.0	-0.0	-0.0	-0.0	-0.0
Homeodomain_M0906_1.01	-0.0	-0.0	-0.0	-0.0	-0.0	-0.0	-0.0	-0.0	-0.0	-0.0
Homeodomain_Average_401	-0.0	-0.0	-0.0	-0.0	-0.0	-0.0	-0.0	-0.0	-0.0	-0.0
Homeodomain_Average_376	-0.0	-0.0	-0.0	-0.0	-0.0	-0.0	-0.0	-0.0	-0.0	-0.0
Homeodomain_Average_370	-0.0	-0.0	-0.0	-0.0	-0.0	-0.0	-0.0	-0.0	-0.0	-0.0
Homeodomain_Average_319	-0.0	-0.0	-0.0	-0.0	-0.0	-0.0	-0.0	-0.0	-0.0	-0.0
Homeodomain_M0943_1.01	-0.0	-0.0	-0.0	-0.0	-0.0	-0.0	-0.0	-0.0	-0.0	-0.0
Homeodomain_Average_400	-0.0	-0.0	-0.0	-0.0	-0.0	-0.0	-0.0	-0.0	-0.0	-0.0
Homeodomain_Average_367	-0.0	-0.0	-0.0	-0.0	-0.0	-0.0	-0.0	-0.0	-0.0	-0.0
Homeodomain_M0967_1.01	-0.0	-0.0	-0.0	-0.0	-0.0	0.413376313062	-0.0	-0.0	-0.0	-0.0
Homeodomain_Average_361	-0.0	-0.0	-0.0	-0.0	-0.0	-0.0	-0.0	-0.0	-0.0	-0.0
Homeodomain_Average_246	-0.0	-0.0	-0.0	-0.0	-0.0	-0.0	-0.0	-0.0	-0.0	-0.0
Homeodomain_Average_187	-0.0	-0.0	-0.0	-0.0	-0.0	-0.0	-0.0	-0.0	-0.0	-0.0
Homeodomain_Average_372	-0.0	-0.0	-0.0	-0.0	-0.0	-0.0	-0.0	-0.0	-0.0	0.0870806851656
Homeodomain_Average_312	-0.0	-0.0	-0.0	-0.0	-0.0	-0.0	-0.0	-0.0	-0.0	-0.0
Homeodomain_M0808_1.01	-0.0	-0.0	-0.0	-0.0	0.34301671772	-0.0	0.168265639998	-0.0	-0.0	-0.0
Homeodomain_Average_345	-0.0	-0.0	-0.0	-0.0	0.21198217872	-0.0	-0.0	-0.0	-0.0	-0.0
Homeodomain_Average_326	-0.0	-0.0	-0.0	-0.0	-0.0	-0.0	-0.0	-0.0	-0.0	-0.0
Homeodomain_M0811_1.01	-0.0	-0.0	-0.0	-0.0	0.670041791841	-0.0	-0.0	-0.0	-0.0	-0.0
Homeodomain_M0848_1.01	-0.0	-0.0	-0.0	2.66021609071	-0.0	-0.0	-0.0	-0.0	-0.0	-0.0
Homeodomain_Average_200	1.71137332988	-0.0	-0.0	-0.0	-0.0	-0.0	-0.0	-0.0	-0.0	0.255222395542
Homeodomain_Average_139	-0.0	-0.0	-0.0	-0.0	-0.0	-0.0	-0.0	-0.0	-0.0	-0.0
Homeodomain_M6338_1.01	-0.0	-0.0	-0.0	-0.0	-0.0	-0.0	-0.0	-0.0	-0.0	2.65662647211
Homeodomain_M6344_1.01	-0.0	-0.0	-0.0	-0.0	-0.0	-0.0	-0.0	-0.0	-0.0	0.347137888561
Homeodomain_M6345_1.01	1.64771389848	-0.0	-0.0	2.87048477307	-0.0	-0.0	-0.0	-0.0	-0.0	-0.0
Homeodomain_M6091_1.01	0.151208956607	-0.0	-0.0	-0.0	0.962409543866	-0.0	-0.0	-0.0	-0.0	0.25516933682
Homeodomain_Average_79	-0.0	-0.0	-0.0	-0.0	0.673833758413	-0.0	-0.0	-0.0	-0.0	-0.0
Homeodomain_M5856_1.01	-0.0	-0.0	-0.0	-0.0	-0.0	-0.0	-0.0	-0.0	-0.0	-0.0
Homeodomain_M3271_1.01	-0.0	-0.0	-0.0	-0.0	-0.0	-0.0	-0.0	-0.0	-0.0	-0.0
Homeodomain_Paired_box_M3586_1.01	-0.0	-0.0	0.22528720605	-0.0	-0.0	-0.0	-0.0	-0.0	-0.0	-0.0
Homeodomain_Paired_box_M3588_1.01	-0.0	-0.0	0.181805138899	-0.0	-0.0	-0.0	-0.0	0.0197462554163	-0.0	-0.0
Homeodomain_Paired_box_Average_9	-0.0	-0.0	-0.0	-0.0	-0.0	-0.0	-0.0	-0.0	-0.0	-0.0
Homeodomain_Paired_box_M3581_1.01	-0.0	-0.0	-0.0	-0.0	-0.0	-0.0	-0.0	0.857124634936	-0.0	-0.0
Homeodomain_Paired_box_Average_2	-0.0	-0.0	-0.0	-0.0	-0.0	0.131053528055	-0.0	-0.0	-0.0	-0.0
Homeodomain_Paired_box_Average_6	-0.0	-0.0	-0.0	-0.0	3.38870591834	-0.0	-0.0	-0.0	-0.0	0.0273742740758
Homeodomain_Paired_box_M3587_1.01	-0.0	-0.0	-0.0	-0.0	-0.0	-0.0	0.344721482131	0.657572702552	-0.0	0.151421659665
Homeodomain_Paired_box_Average_8	-0.0	-0.0	-0.0	-0.0	-0.0	-0.0	-0.0	-0.0	4.67489074622	-0.0
Homeodomain_Paired_box_M3585_1.01	-0.0	-0.0	-0.0	-0.0	-0.0	-0.0	-0.0	-0.0	0.329105054283	-0.0
Homeodomain_Paired_box_Average_10	-0.0	-0.0	-0.0	-0.0	-0.0	-0.0	-0.0	-0.0	1.64965337174	-0.0
Homeodomain_Paired_box_M3583_1.01	-0.0	-0.0	0.748494537555	-0.0	1.2572892622	0.342041032633	-0.0	-0.0	-0.0	0.153926914043
Homeodomain_POU_Average_48	-0.0	-0.0	-0.0	-0.0	-0.0	-0.0	-0.0	-0.0	-0.0	-0.0
Homeodomain_POU_M5566_1.01	-0.0	-0.0	-0.0	-0.0	-0.0	-0.0	-0.0	-0.0	-0.0	-0.0
Homeodomain_POU_M2879_1.01	-0.0	-0.0	1.66566190595	-0.0	-0.0	-0.0	0.336853427749	-0.0	-0.0	-0.0
Homeodomain_POU_Average_44	-0.0	-0.0	-0.0	-0.0	-0.0	-0.0	-0.0	-0.0	-0.0	-0.0
Homeodomain_POU_M3547_1.01	-0.0	-0.0	1.26671220566	0.68157269637	2.41488769299	-0.0	-0.0	-0.0	-0.0	-0.0
Homeodomain_POU_M1143_1.01	1.35306760813	-0.0	-0.0	-0.0	-0.0	-0.0	-0.0	-0.0	2.24033312984	-0.0
Homeodomain_POU_Average_50	-0.0	-0.0	-0.0	-0.0	-0.0	-0.0	-0.0	-0.0	-0.0	-0.0
Homeodomain_POU_M3945_1.01	0.216948144034	-0.0	-0.0	-0.0	-0.0	-0.0	-0.0	-0.0	-0.0	-0.0
Homeodomain_POU_Average_43	6.10652810344	-0.0	-0.0	-0.0	-0.0	-0.0	-0.0	-0.0	7.73552154804	-0.0
Homeodomain_POU_Average_32	1.61513137964	-0.0	-0.0	-0.0	-0.0	-0.0	-0.0	-0.0	3.4218210971	-0.0
Homeodomain_POU_Average_47	0.523617710916	-0.0	-0.0	-0.0	-0.0	-0.0	-0.0	-0.0	-0.0	-0.0
Homeodomain_POU_M1146_1.01	2.74856420477	-0.0	-0.0	-0.0	-0.0	-0.0	-0.0	-0.0	4.82177201768	-0.0
Homeodomain_POU_M3550_1.01	-0.0	-0.0	-0.0	-0.0	-0.0	-0.0	-0.0	-0.0	1.54350222963	-0.0
Homeodomain_POU_Average_46	-0.0	-0.0	-0.0	-0.0	-0.0	-0.0	-0.0	-0.0	0.678479501743	-0.0
Homeodomain_POU_Average_45	-0.0	-0.0	-0.0	-0.0	-0.0	-0.0	-0.0	-0.0	-0.0	-0.0
Homeodomain_POU_M6245_1.01	-0.0	-0.0	-0.0	-0.0	-0.0	0.0301516909088	-0.0	-0.0	0.4309093939	-0.0
Homeodomain_POU_M6236_1.01	-0.0	-0.0	-0.0	-0.0	-0.0	-0.0	-0.0	-0.0	-0.0	-0.0
Homeodomain_POU_M1137_1.01	-0.0	-0.0	-0.0	-0.0	-0.0	-0.0	-0.0	-0.0	1.14729402159	-0.0
Homeodomain_POU_M3642_1.01	-0.0	-0.0	-0.0	-0.0	-0.0	1.10396701751	-0.0	-0.0	-0.0	-0.0
HSF_Average_3	-0.0	-0.0	-0.0	1.02146839864	-0.0	0.156986050213	-0.0	-0.0	-0.0	-0.0
HSF_M5388_1.01	-0.0	-0.0	-0.0	-0.0	-0.0	-0.0	1.22977595023	-0.0	-0.0	-0.0
HSF_Average_8	-0.0	-0.0	-0.0	-0.0	-0.0	-0.0	-0.0	-0.0	-0.0	-0.0
HSF_Average_6	-0.0	-0.0	-0.0	-0.0	-0.0	-0.0	-0.0	-0.0	0.387424745268	-0.0
HSF_M4439_1.01	-0.0	-0.0	1.37334322831	-0.0	-0.0	2.40890151101	-0.0	-0.0	-0.0	-0.0
IRF_Average_23	9.6306497134	-0.0	-0.0	-0.0	-0.0	-0.0	-0.0	-0.0	-0.0	-0.0
IRF_M6129_1.01	1.24700855586	-0.0	0.197631734001	-0.0	-0.0	-0.0	0.028174480664	-0.0	-0.0	-0.0
IRF_Average_22	6.72584709934	-0.0	-0.0	-0.0	-0.0	-0.0	-0.0	-0.0	-0.0	-0.0
IRF_M5396_1.01	4.30012367646	-0.0	-0.0	-0.0	-0.0	-0.0	-0.0	0.48746377987	-0.0	-0.0
IRF_M4333_1.01	3.66205638068	-0.0	-0.0	-0.0	-0.0	-0.0	2.26248509204	-0.0	-0.0	-0.0
IRF_M6130_1.01	1.38159619745	-0.0	-0.0	-0.0	-0.0	-0.0	-0.0	-0.0	-0.0	-0.0
IRF_Average_17	4.6944866644	-0.0	-0.0	-0.0	-0.0	-0.0	-0.0	-0.0	-0.0	-0.0
IRF_M1167_1.01	2.12648116913	0.557279450345	-0.0	-0.0	-0.0	-0.0	-0.0	-0.0	-0.0	-0.0
IRF_Average_24	3.40366421005	-0.0	-0.0	-0.0	-0.0	-0.0	-0.0	-0.0	-0.0	-0.0
IRF_M1164_1.01	0.334341569708	-0.0	-0.0	-0.0	-0.0	-0.0	-0.0	-0.0	-0.0	-0.0
MADS_box_Average_21	5.38476621946	1.58180061032	-0.0	-0.0	-0.0	-0.0	-0.0	-0.0	3.55552711586	0.399891481185
MADS_box_M3423_1.01	2.04199262325	-0.0	-0.0	-0.0	-0.0	-0.0	-0.0	-0.0	-0.0	-0.0
MADS_box_M3420_1.01	2.26462763517	-0.0	-0.0	-0.0	-0.0	-0.0	-0.0	-0.0	-0.0	0.299176986876
MADS_box_Average_20	-0.0	-0.0	-0.0	-0.0	-0.0	-0.0	-0.0	-0.0	-0.0	-0.0
MADS_box_M3822_1.01	-0.0	-0.0	-0.0	-0.0	-0.0	-0.0	-0.0	-0.0	-0.0	-0.0
MADS_box_M1200_1.01	-0.0	-0.0	-0.0	-0.0	-0.0	-0.0	-0.0	-0.0	-0.0	-0.0
MBD_Average_1	-0.0	-0.0	-0.0	-0.0	-0.0	5.22674794153	-0.0	-0.0	-0.0	-0.0
MBD_M1203_1.01	-0.0	-0.0	-0.0	-0.0	-0.0	-0.0	-0.0	-0.0	-0.0	2.01173495653
Myb_SANT_M1793_1.01	0.960718050972	-0.0	2.56181001527	4.00502682446	-0.0	-0.0	-0.0	-0.0	-0.0	-0.0
Myb_SANT_M2938_1.01	-0.0	-0.0	2.74455256513	-0.0	-0.0	-0.0	-0.0	-0.0	-0.0	-0.0
Myb_SANT_Average_10	-0.0	-0.0	-0.0	0.460024354893	-0.0	-0.0	-0.0	-0.0	-0.0	-0.0
Myb_SANT_Average_6	-0.0	-0.0	-0.0	2.69461421549	-0.0	-0.0	-0.0	-0.0	-0.0	-0.0
Myb_SANT_Average_2	-0.0	-0.0	4.13605699767	2.1424593004	-0.0	-0.0	-0.0	-0.0	-0.0	-0.0
Myb_SANT_Average_5	-0.0	-0.0	-0.0	1.09471019349	-0.0	-0.0	0.386008613758	-0.0	-0.0	-0.0
Myb_SANT_M6168_1.01	-0.0	-0.0	-0.0	0.0340571642217	-0.0	-0.0	-0.0	0.0811777450513	-0.0	-0.0
Myb_SANT_Average_9	-0.0	-0.0	-0.0	0.0525124064789	-0.0	-0.0	-0.0	-0.0	-0.0	-0.0
Myb_SANT_M1260_1.01	-0.0	-0.0	-0.0	-0.0	-0.0	-0.0	-0.0	1.73065932206	-0.0	-0.0
Myb_SANT_Average_3	-0.0	-0.0	-0.0	0.789736126055	-0.0	-0.0	-0.0	-0.0	-0.0	-0.0
Myb_SANT_M1261_1.01	-0.0	-0.0	0.709306924294	-0.0	-0.0	-0.0	-0.0	-0.0	-0.0	-0.0
Myb_SANT_M1262_1.01	-0.0	-0.0	1.20674990499	-0.0	0.60332600869	-0.0	-0.0	-0.0	-0.0	-0.0
Myb_SANT_M4397_1.01	-0.0	-0.0	-0.0	-0.0	-0.0	0.35151705496	-0.0	-0.0	-0.0	-0.0
Myb_SANT_Average_7	-0.0	-0.0	-0.0	-0.0	1.96115363548	-0.0	-0.0	-0.0	-0.0	0.290310501557
Ndt80_PhoG_M1320_1.01	-0.0	-0.0	-0.0	-0.0	-0.0	-0.0	-0.0	-0.0	-0.0	-0.0
Ndt80_PhoG_M1321_1.01	0.237753705492	-0.0	-0.0	-0.0	-0.0	-0.0	-0.0	0.168935325084	-0.0	-0.0
Nuclear_receptor_Average_172	-0.0	-0.0	-0.0	-0.0	-0.0	-0.0	-0.0	1.02631441996	-0.0	0.642205041462
Nuclear_receptor_Average_73	-0.0	-0.0	-0.0	-0.0	-0.0	-0.0	-0.0	-0.0	-0.0	-0.0
Nuclear_receptor_M2830_1.01	0.593248676529	-0.0	-0.0	-0.0	-0.0	-0.0	-0.0	0.478977037576	-0.0	-0.0
Nuclear_receptor_Average_167	-0.0	-0.0	-0.0	-0.0	0.655620410078	-0.0	-0.0	-0.0	-0.0	0.0506288396505
Nuclear_receptor_M5758_1.01	-0.0	-0.0	-0.0	-0.0	4.17259980181	-0.0	-0.0	-0.0	-0.0	-0.0
Nuclear_receptor_M5757_1.01	-0.0	-0.0	0.107135712613	0.236413055517	2.64731135348	-0.0	-0.0	-0.0	-0.0	-0.0
Nuclear_receptor_Average_174	-0.0	-0.0	-0.0	-0.0	1.02204533153	-0.0	-0.0	-0.0	-0.0	2.81521790483
Nuclear_receptor_M6265_1.01	0.675835360521	-0.0	-0.0	-0.0	-0.0	-0.0	-0.0	-0.0	-0.0	2.38809691779
Nuclear_receptor_Average_151	-0.0	-0.0	-0.0	-0.0	0.248565862968	-0.0	-0.0	-0.0	-0.0	-0.0
Nuclear_receptor_Average_63	-0.0	-0.0	-0.0	-0.0	-0.0	-0.0	-0.0	-0.0	-0.0	-0.0
Nuclear_receptor_Average_175	-0.0	-0.0	-0.0	-0.0	0.239438010251	-0.0	-0.0	-0.0	-0.0	-0.0
Nuclear_receptor_Average_154	-0.0	-0.0	0.174318643601	-0.0	1.22780375864	-0.0	-0.0	-0.0	-0.0	-0.0
Nuclear_receptor_Average_144	-0.0	-0.0	-0.0	-0.0	-0.0	-0.0	-0.0	-0.0	-0.0	0.73524594198
Nuclear_receptor_M6263_1.01	0.00515881901004	-0.0	-0.0	-0.0	0.943593286629	-0.0	-0.0	0.575318834653	-0.0	0.833961245305
Nuclear_receptor_M5504_1.01	-0.0	-0.0	0.381861408314	-0.0	-0.0	-0.0	-0.0	-0.0	-0.0	1.27955405315
Nuclear_receptor_M6203_1.01	-0.0	-0.0	-0.0	-0.0	1.72186448157	-0.0	-0.0	-0.0	-0.0	3.53379076351
Nuclear_receptor_Average_176	-0.0	-0.0	-0.0	-0.0	2.88614704639	-0.0	-0.0	-0.0	-0.0	2.45712644273
Nuclear_receptor_Average_168	-0.0	-0.0	-0.0	-0.0	2.0898396382	-0.0	-0.0	-0.0	-0.0	3.05000296665
Nuclear_receptor_M1341_1.01	-0.0	-0.0	-0.0	-0.0	-0.0	-0.0	-0.0	-0.0	-0.0	-0.0
Nuclear_receptor_Average_170	-0.0	-0.0	-0.0	-0.0	0.0211286055748	-0.0	-0.0	-0.0	-0.0	2.03198109958
Nuclear_receptor_M6210_1.01	-0.0	-0.0	-0.0	-0.0	-0.0	-0.0	0.848520708608	-0.0	-0.0	-0.0
Nuclear_receptor_M6202_1.01	-0.0	-0.0	-0.0	-0.0	-0.0	-0.0	-0.0	-0.0	-0.0	2.13037495153
Nuclear_receptor_Average_85	-0.0	0.0914493910271	-0.0	-0.0	-0.0	-0.0	-0.0	0.814283727157	-0.0	-0.0
Nuclear_receptor_Average_171	0.0379544832676	-0.0	-0.0	-0.0	-0.0	-0.0	-0.0	-0.0	-0.0	-0.0
Nuclear_receptor_M1354_1.01	-0.0	-0.0	-0.0	-0.0	-0.0	-0.0	-0.0	-0.0	-0.0	-0.0
Nuclear_receptor_M1331_1.01	-0.0	-0.0	-0.0	-0.0	-0.0	-0.0	-0.0	-0.0	-0.0	-0.0
Nuclear_receptor_Average_157	-0.0	-0.0	-0.0	-0.0	-0.0	-0.0	-0.0	-0.0	-0.0	-0.0
Nuclear_receptor_M6157_1.01	-0.0	-0.0	-0.0	-0.0	-0.0	-0.0	-0.0	-0.0	-0.0	-0.0
Nuclear_receptor_Average_58	-0.0	-0.0	-0.0	-0.0	-0.0	-0.0	-0.0	0.0670031168367	-0.0	0.427776794837
Nuclear_receptor_M6352_1.01	-0.0	-0.0	-0.0	-0.0	0.587273619052	-0.0	-0.0	-0.0	-0.0	0.0922658186602
Nuclear_receptor_Average_62	-0.0	-0.0	-0.0	-0.0	-0.0	-0.0	-0.0	-0.0	-0.0	1.7497290184
Nuclear_receptor_Average_20	-0.0	-0.0	-0.0	-0.0	-0.0	-0.0	0.426740227685	-0.0	-0.0	-0.0
Nuclear_receptor_M1843_1.01	-0.0	-0.0	-0.0	-0.0	-0.0	-0.0	-0.0	-0.0	-0.0	-0.0
p53_M5923_1.01	-0.0	-0.0	-0.0	-0.0	-0.0	-0.0	-0.0	-0.0	-0.0	-0.0
p53_M5922_1.01	-0.0	-0.0	-0.0	-0.0	-0.0	-0.0	-0.0	-0.0	-0.0	-0.0
p53_Average_10	-0.0	-0.0	-0.0	2.41595814186	-0.0	-0.0	-0.0	-0.0	-0.0	-0.0
p53_Average_8	-0.0	-0.0	-0.0	-0.0	0.657342164269	-0.0	-0.0	-0.0	-0.0	-0.0
p53_M3568_1.01	-0.0	-0.0	-0.0	-0.0	-0.0	1.13284705227	-0.0	0.581514592719	-0.0	-0.0
Paired_box_Average_7	-0.0	-0.0	-0.0	-0.0	-0.0	2.47134333602	-0.0	-0.0	12.013398841	-0.0
Paired_box_Average_6	-0.0	-0.0	-0.0	-0.0	-0.0	-0.0	-0.0	-0.0	6.68810886221	-0.0
Paired_box_M3591_1.01	0.556467461715	-0.0	-0.0	-0.0	0.201859779472	0.394975939017	-0.0	-0.0	-0.0	-0.0
Paired_box_M3590_1.01	-0.0	-0.0	-0.0	-0.0	-0.0	0.187108133955	-0.0	-0.0	1.18532114601	-0.0
Paired_box_M6230_1.01	-0.0	-0.0	-0.0	-0.0	0.272262418978	-0.0	-0.0	-0.0	5.43811939055	-0.0
Paired_box_M6228_1.01	-0.0	-0.0	-0.0	-0.0	-0.0	-0.0	-0.0	-0.0	-0.0	0.1426295563
Pipsqueak_Average_1	-0.0	-0.0	-0.0	-0.0	-0.0	-0.0	-0.0	-0.0	-0.0	-0.0
Pipsqueak_M1386_1.01	5.67348205382	-0.0	-0.0	-0.0	-0.0	-0.0	-0.0	-0.0	-0.0	-0.0
Prospero_M5572_1.01	-0.0	-0.0	-0.0	-0.0	-0.0	-0.0	0.426740227685	0.104700497388	-0.0	-0.0
Rel_Average_30	2.97381736827	-0.0	-0.0	-0.0	-0.0	-0.0	-0.0	-0.0	-0.0	-0.0
Rel_M6180_1.01	2.11697055308	-0.0	-0.0	-0.0	0.699572726944	-0.0	-0.0	-0.0	1.32065738462	-0.0
Rel_Average_32	0.167062553608	-0.0	-0.0	-0.0	-0.0	-0.0	1.1979289446	-0.0	-0.0	-0.0
Rel_Average_27	-0.0	-0.0	-0.0	-0.0	-0.0	-0.0	-0.0	-0.0	-0.0	-0.0
Rel_M5475_1.01	-0.0	-0.0	-0.0	-0.0	-0.0	-0.0	-0.0	-0.0	-0.0	-0.0
Rel_Average_28	4.76523078252	-0.0	-0.0	-0.0	-0.0	-0.0	1.86865309568	-0.0	2.52491156655	-0.0
Rel_M6189_1.01	1.35292086048	-0.0	-0.0	-0.0	-0.0	-0.0	-0.0	-0.0	-0.0	-0.0
Rel_Average_25	1.4411937434	-0.0	-0.0	-0.0	-0.0	-0.0	1.28283551991	0.140995704078	4.10735018857	-0.0
Rel_M5957_1.01	-0.0	0.907529889944	-0.0	-0.0	-0.0	0.401856127915	-0.0	-0.0	-0.0	-0.0
Rel_M5476_1.01	1.7841555835	-0.0	1.13687414101	-0.0	-0.0	-0.0	-0.0	-0.0	-0.0	-0.0
Rel_M5477_1.01	1.54500032231	-0.0	-0.0	-0.0	-0.0	0.0983887737615	0.520317590215	-0.0	-0.0	-0.0
RFX_Average_30	1.35351976031	-0.0	-0.0	-0.0	-0.0	-0.0	-0.0	-0.0	-0.0	-0.0
RFX_Average_29	3.55216508132	-0.0	-0.0	-0.0	-0.0	-0.0	0.582773810424	-0.0	-0.0	-0.0
RFX_Average_9	1.45375724457	-0.0	-0.0	-0.0	-0.0	1.71575784996	0.60147134283	-0.0	-0.0	-0.0
Runt_Average_10	-0.0	4.9327930011	-0.0	-0.0	-0.0	-0.0	-0.0	6.24250840367	-0.0	2.1970685767
Runt_Average_9	-0.0	7.87674534325	-0.0	-0.0	-0.0	-0.0	-0.0	8.39468550648	-0.0	6.95647540495
Runt_Average_1	-0.0	3.48649921635	-0.0	-0.0	-0.0	-0.0	-0.0	7.39075921837	-0.0	3.67727304056
SAND_Average_9	-0.0	-0.0	-0.0	-0.0	-0.0	-0.0	-0.0	-0.0	-0.0	-0.0
SAND_M1432_1.01	-0.0	-0.0	-0.0	-0.0	0.821872940002	-0.0	0.0418611456192	-0.0	-0.0	-0.0
SAND_Average_6	-0.0	-0.0	1.12228691754	-0.0	1.64236550883	-0.0	-0.0	-0.0	-0.0	-0.0
SAND_M1429_1.01	-0.0	-0.0	-0.0	-0.0	-0.0	-0.0	-0.0	-0.0	-0.0	-0.0
SAND_Average_8	-0.0	-0.0	-0.0	-0.0	-0.0	-0.0	-0.0	-0.0	-0.0	-0.0
SAND_M5959_1.01	-0.0	-0.0	-0.0	-0.0	-0.0	-0.0	-0.0	-0.0	-0.0	-0.0
SAND_M5314_1.01	-0.0	-0.0	-0.0	-0.0	2.34618304527	-0.0	0.703710879795	-0.0	-0.0	-0.0
SAND_M5313_1.01	-0.0	-0.0	-0.0	-0.0	0.0661035541108	-0.0	0.482191981798	-0.0	-0.0	-0.0
SMAD_M6283_1.01	-0.0	-0.0	-0.0	-0.0	-0.0	-0.0	-0.0	-0.0	-0.0	-0.0
SMAD_M1450_1.01	-0.0	-0.0	-0.0	-0.0	-0.0	-0.0	-0.0	-0.0	-0.0	-0.0
SMAD_Average_5	-0.0	-0.0	-0.0	0.510793682058	-0.0	-0.0	-0.0	-0.0	-0.0	-0.0
SMAD_M6282_1.01	-0.0	-0.0	-0.0	0.612408884782	-0.0	-0.0	0.36286631741	-0.0	-0.0	-0.0
SMAD_Average_7	0.131616728744	-0.0	-0.0	4.13577820035	-0.0	-0.0	-0.0	-0.0	-0.0	-0.0
SMAD_Average_3	2.76951647873	-0.0	-0.0	4.68011897097	-0.0	-0.0	-0.0	-0.0	-0.0	-0.0
SMAD_M5627_1.01	-0.0	-0.0	-0.0	-0.0	1.12774325526	-0.0	-0.0	-0.0	-0.0	-0.0
Sox_Average_54	-0.0	-0.0	-0.0	-0.0	0.248565862968	-0.0	-0.0	-0.0	-0.0	-0.0
Sox_M6292_1.01	-0.0	-0.0	-0.0	-0.0	-0.0	-0.0	-0.0	-0.0	-0.0	0.957924364958
Sox_Average_55	-0.0	-0.0	-0.0	-0.0	-0.0	-0.0	-0.0	-0.0	0.329105054283	-0.0
Sox_M5909_1.01	-0.0	-0.0	-0.0	-0.0	-0.0	-0.0	-0.0	-0.0	-0.0	-0.0
Sox_Average_96	-0.0	-0.0	-0.0	-0.0	-0.0	-0.0	-0.0	-0.0	-0.0	-0.0
Sox_Average_46	-0.0	0.0600552096384	0.189716424016	-0.0	-0.0	-0.0	-0.0	-0.0	-0.0	-0.0
Sox_Average_97	-0.0	-0.0	-0.0	-0.0	-0.0	-0.0	11.3949484335	9.74754476245	-0.0	-0.0
Sox_Average_48	-0.0	-0.0	-0.0	-0.0	-0.0	-0.0	10.692104528	8.16363441555	-0.0	-0.0
Sox_M6295_1.01	-0.0	-0.0	-0.0	0.465764735049	-0.0	-0.0	-0.0	2.61894765766	0.517872333964	-0.0
Sox_Average_95	-0.0	-0.0	-0.0	-0.0	-0.0	-0.0	-0.0	-0.0	-0.0	-0.0
Sox_Average_94	-0.0	-0.0	-0.0	-0.0	-0.0	-0.0	-0.0	-0.0	-0.0	-0.0
Sox_M1469_1.01	-0.0	-0.0	-0.0	-0.0	-0.0	-0.0	-0.0	-0.0	-0.0	-0.0
Sox_Average_76	-0.0	-0.0	-0.0	-0.0	-0.0	-0.0	-0.0	-0.0	-0.0	-0.0
Sox_Average_91	-0.0	-0.0	-0.0	-0.0	-0.0	-0.0	-0.0	-0.0	-0.0	-0.0
Sox_M6309_1.01	-0.0	-0.0	-0.0	-0.0	-0.0	-0.0	-0.0	-0.0	-0.0	-0.0
Sox_Average_82	-0.0	-0.0	-0.0	-0.0	-0.0	-0.0	-0.0	-0.0	-0.0	-0.0
Sox_M6293_1.01	-0.0	-0.0	-0.0	0.84751674285	-0.0	-0.0	0.606612988855	0.758684540502	-0.0	-0.0
Sox_M1459_1.01	-0.0	-0.0	-0.0	-0.0	-0.0	-0.0	-0.0	-0.0	-0.0	-0.0
Sox_Average_66	-0.0	-0.0	-0.0	-0.0	-0.0	-0.0	0.752789172687	0.577787581883	-0.0	-0.0
Sox_M3831_1.01	-0.0	-0.0	-0.0	-0.0	-0.0	-0.0	-0.0	-0.0	-0.0	-0.0
Sox_Average_92	-0.0	-0.0	-0.0	-0.0	-0.0	-0.0	-0.0	-0.0	-0.0	-0.0
Sox_M1457_1.01	-0.0	-0.0	-0.0	-0.0	-0.0	-0.0	-0.0	-0.0	-0.0	-0.0
Sox_M1458_1.01	-0.0	-0.0	-0.0	-0.0	-0.0	-0.0	-0.0	-0.0	-0.0	-0.0
STAT_Average_23	-0.0	-0.0	-0.0	-0.0	0.330871690769	-0.0	-0.0	-0.0	-0.0	-0.0
STAT_M3856_1.01	-0.0	-0.0	-0.0	-0.0	-0.0	0.0301516909088	-0.0	-0.0	-0.0	-0.0
STAT_Average_16	-0.0	-0.0	-0.0	-0.0	-0.0	-0.0	-0.0	-0.0	-0.0	-0.0
STAT_Average_22	-0.0	0.470202479043	-0.0	-0.0	-0.0	-0.0	-0.0	-0.0	-0.0	-0.0
STAT_M3845_1.01	-0.0	1.02421649415	-0.0	-0.0	0.694268635795	-0.0	-0.0	-0.0	-0.0	-0.0
STAT_Average_12	5.34510493404	0.14019398316	0.745681780741	-0.0	-0.0	-0.0	-0.0	-0.0	2.1950318104	-0.0
T-box_M6030_1.01	-0.0	-0.0	0.972765851018	-0.0	-0.0	-0.0	-0.0	-0.0	-0.0	-0.0
T-box_M5954_1.01	-0.0	-0.0	-0.0	-0.0	-0.0	0.426653249336	-0.0	0.836004956991	-0.0	-0.0
T-box_Average_29	-0.0	-0.0	-0.0	-0.0	-0.0	-0.0	-0.0	-0.0	-0.0	6.34997762474
T-box_M1713_1.01	0.153673280561	-0.0	-0.0	-0.0	-0.0	-0.0	-0.0	-0.0	-0.0	7.73901763102
T-box_M6322_1.01	-0.0	-0.0	-0.0	-0.0	-0.0	-0.0	-0.0	-0.0	-0.0	-0.0
T-box_Average_1	-0.0	-0.0	-0.0	-0.0	-0.0	-0.0	-0.0	-0.0	-0.0	4.37968169783
T-box_M5216_1.01	-0.0	-0.0	-0.0	-0.0	-0.0	-0.0	-0.0	0.0601926790473	-0.0	4.26411720329
T-box_Average_8	-0.0	-0.0	-0.0	-0.0	-0.0	-0.0	-0.0	0.577787581883	-0.0	1.40830931295
T-box_Average_30	2.02956283647	-0.0	-0.0	-0.0	-0.0	-0.0	-0.0	-0.0	-0.0	4.9507054615
T-box_Average_31	-0.0	-0.0	-0.0	-0.0	-0.0	-0.0	-0.0	-0.0	0.732280304325	2.48097917108
T-box_Average_26	-0.0	-0.0	-0.0	-0.0	-0.0	-0.0	-0.0	2.66926011239	-0.0	3.34791561235
T-box_M6323_1.01	0.0299310220798	-0.0	-0.0	-0.0	-0.0	-0.0	-0.0	-0.0	-0.0	0.026478711532
T-box_Average_23	-0.0	-0.0	-0.0	-0.0	-0.0	-0.0	-0.0	-0.0	-0.0	3.70426770727
T-box_M5698_1.01	-0.0	-0.0	-0.0	-0.0	-0.0	-0.0	-0.0	-0.0	-0.0	4.20480951652
T-box_M5694_1.01	-0.0	-0.0	-0.0	-0.0	-0.0	3.13219340586	-0.0	-0.0	-0.0	4.37968169783
T-box_Average_6	-0.0	-0.0	-0.0	-0.0	-0.0	-0.0	-0.0	-0.0	-0.0	4.98757391817
TBP_Average_1	-0.0	-0.0	-0.0	-0.0	-0.0	-0.0	-0.0	-0.0	-0.0	-0.0
TBP_M3884_1.01	-0.0	-0.0	-0.0	-0.0	-0.0	-0.0	-0.0	-0.0	-0.0	-0.0
TBP_M3881_1.01	-0.0	-0.0	-0.0	-0.0	-0.0	-0.0	0.891595554685	-0.0	0.493022735319	-0.0
TBP_M1511_1.01	-0.0	-0.0	-0.0	-0.0	-0.0	-0.0	-0.0	-0.0	-0.0	-0.0
TEA_Average_5	-0.0	1.62599090187	-0.0	-0.0	-0.0	-0.0	-0.0	-0.0	-0.0	-0.0
TEA_Average_1	-0.0	-0.0	0.195120874416	-0.0	-0.0	-0.0	-0.0	-0.0	-0.0	-0.0
TEA_M6327_1.01	-0.0	-0.0	1.69806316748	-0.0	-0.0	-0.0	-0.0	-0.0	-0.0	-0.0
TEA_M6328_1.01	-0.0	-0.0	-0.0	-0.0	-0.0	-0.0	-0.0	-0.0	-0.0	-0.0
THAP_finger_M2259_1.01	-0.0	1.34869143065	-0.0	0.468331305591	-0.0	-0.0	-0.0	-0.0	-0.0	0.69969495501
THAP_finger_M4506_1.01	-0.0	-0.0	-0.0	-0.0	0.642545275115	0.0839561119802	-0.0	-0.0	-0.0	0.17392099703
THAP_finger_M1539_1.01	1.48831722435	-0.0	-0.0	0.038345314847	-0.0	-0.0	-0.0	-0.0	-0.0	-0.0
THAP_finger_M1538_1.01	-0.0	-0.0	-0.0	-0.0	-0.0	-0.0	-0.0	-0.0	0.215445392834	-0.0
THAP_finger_M1541_1.01	-0.0	-0.0	-0.0	-0.0	-0.0	2.01216234959	-0.0	-0.0	-0.0	-0.0
Unknown_M5777_1.01	-0.0	-0.0	1.57335426284	-0.0	3.26229404268	-0.0	-0.0	-0.0	-0.0	-0.0
Unknown_M3394_1.01	-0.0	5.48672403244	-0.0	-0.0	-0.0	-0.0	-0.0	-0.0	-0.0	-0.0
Unknown_M3812_1.01	-0.0	1.13396594792	-0.0	-0.0	-0.0	-0.0	-0.0	-0.0	-0.0	-0.0
Unknown_M6261_1.01	-0.0	2.91640293254	-0.0	-0.0	-0.0	-0.0	-0.0	-0.0	-0.0	-0.0
Unknown_M3565_1.01	-0.0	0.00867560790498	-0.0	-0.0	1.46391940702	-0.0	-0.0	-0.0	-0.0	-0.0
Unknown_M6375_1.01	-0.0	0.601704883781	0.739796244971	-0.0	-0.0	-0.0	-0.0	-0.0	-0.0	-0.0
Unknown_M6200_1.01	-0.0	-0.0	-0.0	-0.0	-0.0	0.45762934337	0.628498984034	-0.0	-0.0	-0.0
Unknown_M1803_1.01	-0.0	-0.0	-0.0	-0.0	-0.0	-0.0	-0.0	-0.0	-0.0	-0.0
Unknown_M6305_1.01	0.795870625526	-0.0	-0.0	-0.0	-0.0	-0.0	-0.0	-0.0	-0.0	-0.0
Unknown_M6097_1.01	-0.0	0.201999056178	-0.0	-0.0	-0.0	-0.0	-0.0	-0.0	-0.0	-0.0
Unknown_M3387_1.01	-0.0	7.75295336278	-0.0	11.3211622193	-0.0	-0.0	-0.0	-0.0	-0.0	-0.0
Unknown_M1801_1.01	-0.0	-0.0	-0.0	2.9062427522	-0.0	-0.0	-0.0	-0.0	-0.0	-0.0
Unknown_M3386_1.01	8.57738973333	-0.0	-0.0	-0.0	-0.0	-0.0	-0.0	-0.0	-0.0	-0.0
Unknown_M6029_1.01	-0.0	-0.0	-0.0	-0.0	-0.0	-0.0	-0.0	-0.0	-0.0	1.17090911161
Unknown_Average_6	-0.0	-0.0	-0.0	-0.0	-0.0	-0.0	-0.0	3.43885608152	-0.0	-0.0
Unknown_M5141_1.01	-0.0	-0.0	-0.0	-0.0	-0.0	-0.0	-0.0	-0.0	-0.0	-0.0
Unknown_M6235_1.01	-0.0	6.35429821852	-0.0	-0.0	-0.0	-0.0	-0.0	3.30341320328	-0.0	3.54599646042
Unknown_M6070_1.01	-0.0	-0.0	-0.0	-0.0	-0.0	-0.0	-0.0	1.13762464245	-0.0	-0.0
Unknown_Average_4	-0.0	-0.0	-0.0	-0.0	-0.0	1.82061669173	0.290713271537	-0.0	-0.0	-0.0
Unknown_Average_5	-0.0	-0.0	-0.0	-0.0	-0.0	0.321819896711	0.0572674527351	-0.0	-0.0	-0.0
